as_of_date,ticker,agent,signal,signal_value,confidence,weight,result_available_date,actual_return,was_correct,evaluated
2026-06-30,SASA.IS,trend_agent,BEKLE,0.3,0.4,0.25,2026-07-05,,,False
2026-06-30,SASA.IS,rsi_agent,BEKLE,0.0,0.3,0.2,2026-07-05,,,False
2026-06-30,SASA.IS,macd_agent,BEKLE,-0.45,0.5,0.2,2026-07-05,,,False
2026-06-30,SASA.IS,volume_agent,BEKLE,0.0,0.3,0.15,2026-07-05,,,False
2026-06-30,SASA.IS,pattern_agent,BEKLE,0.0,0.25,0.2,2026-07-05,,,False
2026-06-30,OTKAR.IS,trend_agent,BEKLE,-0.2,0.3,0.25,2026-07-05,,,False
2026-06-30,OTKAR.IS,rsi_agent,BEKLE,0.0,0.3,0.2,2026-07-05,,,False
2026-06-30,OTKAR.IS,macd_agent,BEKLE,0.45,0.5,0.2,2026-07-05,,,False
2026-06-30,OTKAR.IS,volume_agent,BEKLE,0.0,0.3,0.15,2026-07-05,,,False
2026-06-30,OTKAR.IS,pattern_agent,BEKLE,0.0,0.25,0.2,2026-07-05,,,False
2026-06-30,IEYHO.IS,trend_agent,AL,0.8,1.0,0.25,2026-07-05,,,False
2026-06-30,IEYHO.IS,rsi_agent,BEKLE,-0.3,0.4,0.2,2026-07-05,,,False
2026-06-30,IEYHO.IS,macd_agent,BEKLE,0.45,0.5,0.2,2026-07-05,,,False
2026-06-30,IEYHO.IS,volume_agent,AL,0.7,0.951914862332321,0.15,2026-07-05,,,False
2026-06-30,IEYHO.IS,pattern_agent,AL,0.6,0.6,0.2,2026-07-05,,,False
2026-06-30,ALTNY.IS,trend_agent,BEKLE,0.3,0.4,0.25,2026-07-05,,,False
2026-06-30,ALTNY.IS,rsi_agent,BEKLE,0.2,0.4,0.2,2026-07-05,,,False
2026-06-30,ALTNY.IS,macd_agent,BEKLE,0.45,0.5,0.2,2026-07-05,,,False
2026-06-30,ALTNY.IS,volume_agent,SAT,-0.6,0.7155467686884572,0.15,2026-07-05,,,False
2026-06-30,ALTNY.IS,pattern_agent,BEKLE,0.15,0.4,0.2,2026-07-05,,,False
2026-06-30,TCELL.IS,trend_agent,BEKLE,0.3,0.4,0.25,2026-07-05,,,False
2026-06-30,TCELL.IS,rsi_agent,BEKLE,0.0,0.3,0.2,2026-07-05,,,False
2026-06-30,TCELL.IS,macd_agent,SAT,-0.75,0.7,0.2,2026-07-05,,,False
2026-06-30,TCELL.IS,volume_agent,SAT,-0.6,0.5552320318500057,0.15,2026-07-05,,,False
2026-06-30,TCELL.IS,pattern_agent,BEKLE,-0.4,0.45,0.2,2026-07-05,,,False
2026-06-30,KCHOL.IS,trend_agent,BEKLE,0.3,0.4,0.25,2026-07-05,,,False
2026-06-30,KCHOL.IS,rsi_agent,BEKLE,0.2,0.4,0.2,2026-07-05,,,False
2026-06-30,KCHOL.IS,macd_agent,BEKLE,0.15,0.35,0.2,2026-07-05,,,False
2026-06-30,KCHOL.IS,volume_agent,BEKLE,-0.1,0.3,0.15,2026-07-05,,,False
2026-06-30,KCHOL.IS,pattern_agent,BEKLE,0.0,0.25,0.2,2026-07-05,,,False
2026-06-30,MGROS.IS,trend_agent,BEKLE,0.3,0.4,0.25,2026-07-05,,,False
2026-06-30,MGROS.IS,rsi_agent,BEKLE,0.2,0.4,0.2,2026-07-05,,,False
2026-06-30,MGROS.IS,macd_agent,BEKLE,-0.45,0.5,0.2,2026-07-05,,,False
2026-06-30,MGROS.IS,volume_agent,SAT,-0.6,0.5883054003982587,0.15,2026-07-05,,,False
2026-06-30,MGROS.IS,pattern_agent,BEKLE,0.15,0.4,0.2,2026-07-05,,,False
2026-06-30,SISE.IS,trend_agent,BEKLE,0.3,0.4,0.25,2026-07-05,,,False
2026-06-30,SISE.IS,rsi_agent,BEKLE,0.0,0.3,0.2,2026-07-05,,,False
2026-06-30,SISE.IS,macd_agent,BEKLE,-0.45,0.5,0.2,2026-07-05,,,False
2026-06-30,SISE.IS,volume_agent,BEKLE,-0.1,0.3,0.15,2026-07-05,,,False
2026-06-30,SISE.IS,pattern_agent,BEKLE,0.15,0.4,0.2,2026-07-05,,,False
2026-06-30,TOASO.IS,trend_agent,BEKLE,0.3,0.4,0.25,2026-07-05,,,False
2026-06-30,TOASO.IS,rsi_agent,BEKLE,0.2,0.4,0.2,2026-07-05,,,False
2026-06-30,TOASO.IS,macd_agent,SAT,-0.75,0.7,0.2,2026-07-05,,,False
2026-06-30,TOASO.IS,volume_agent,BEKLE,-0.1,0.3,0.15,2026-07-05,,,False
2026-06-30,TOASO.IS,pattern_agent,BEKLE,0.0,0.25,0.2,2026-07-05,,,False
2026-06-30,SKBNK.IS,trend_agent,AL,0.8,0.6286244226694238,0.25,2026-07-05,,,False
2026-06-30,SKBNK.IS,rsi_agent,BEKLE,0.2,0.4,0.2,2026-07-05,,,False
2026-06-30,SKBNK.IS,macd_agent,BEKLE,0.15,0.35,0.2,2026-07-05,,,False
2026-06-30,SKBNK.IS,volume_agent,BEKLE,0.0,0.3,0.15,2026-07-05,,,False
2026-06-30,SKBNK.IS,pattern_agent,BEKLE,0.0,0.25,0.2,2026-07-05,,,False
2026-06-30,KRDMD.IS,trend_agent,BEKLE,0.3,0.4,0.25,2026-07-05,,,False
2026-06-30,KRDMD.IS,rsi_agent,BEKLE,0.2,0.4,0.2,2026-07-05,,,False
2026-06-30,KRDMD.IS,macd_agent,BEKLE,-0.45,0.5,0.2,2026-07-05,,,False
2026-06-30,KRDMD.IS,volume_agent,BEKLE,-0.1,0.3,0.15,2026-07-05,,,False
2026-06-30,KRDMD.IS,pattern_agent,BEKLE,0.15,0.4,0.2,2026-07-05,,,False
2026-06-30,BIMAS.IS,trend_agent,BEKLE,0.3,0.4,0.25,2026-07-05,,,False
2026-06-30,BIMAS.IS,rsi_agent,BEKLE,0.0,0.3,0.2,2026-07-05,,,False
2026-06-30,BIMAS.IS,macd_agent,BEKLE,-0.45,0.5,0.2,2026-07-05,,,False
2026-06-30,BIMAS.IS,volume_agent,BEKLE,-0.1,0.3,0.15,2026-07-05,,,False
2026-06-30,BIMAS.IS,pattern_agent,BEKLE,0.15,0.4,0.2,2026-07-05,,,False
2026-06-30,BINHO.IS,trend_agent,SAT,-0.7,0.5324737347214902,0.25,2026-07-05,,,False
2026-06-30,BINHO.IS,rsi_agent,BEKLE,-0.3,0.4,0.2,2026-07-05,,,False
2026-06-30,BINHO.IS,macd_agent,BEKLE,0.45,0.5,0.2,2026-07-05,,,False
2026-06-30,BINHO.IS,volume_agent,AL,0.7,1.0,0.15,2026-07-05,,,False
2026-06-30,BINHO.IS,pattern_agent,AL,0.6,0.6,0.2,2026-07-05,,,False
2026-06-30,SAHOL.IS,trend_agent,BEKLE,0.3,0.4,0.25,2026-07-05,,,False
2026-06-30,SAHOL.IS,rsi_agent,BEKLE,0.2,0.4,0.2,2026-07-05,,,False
2026-06-30,SAHOL.IS,macd_agent,SAT,-0.75,0.7,0.2,2026-07-05,,,False
2026-06-30,SAHOL.IS,volume_agent,BEKLE,-0.1,0.3,0.15,2026-07-05,,,False
2026-06-30,SAHOL.IS,pattern_agent,BEKLE,0.0,0.25,0.2,2026-07-05,,,False
2026-06-30,KATMR.IS,trend_agent,BEKLE,-0.2,0.3,0.25,2026-07-05,,,False
2026-06-30,KATMR.IS,rsi_agent,BEKLE,0.0,0.3,0.2,2026-07-05,,,False
2026-06-30,KATMR.IS,macd_agent,BEKLE,0.15,0.35,0.2,2026-07-05,,,False
2026-06-30,KATMR.IS,volume_agent,BEKLE,-0.1,0.3,0.15,2026-07-05,,,False
2026-06-30,KATMR.IS,pattern_agent,BEKLE,0.15,0.4,0.2,2026-07-05,,,False
2026-06-30,ENKAI.IS,trend_agent,AL,0.8,0.8305896942985127,0.25,2026-07-05,,,False
2026-06-30,ENKAI.IS,rsi_agent,BEKLE,0.0,0.3,0.2,2026-07-05,,,False
2026-06-30,ENKAI.IS,macd_agent,BEKLE,-0.1,0.3,0.2,2026-07-05,,,False
2026-06-30,ENKAI.IS,volume_agent,BEKLE,-0.1,0.3,0.15,2026-07-05,,,False
2026-06-30,ENKAI.IS,pattern_agent,BEKLE,0.15,0.4,0.2,2026-07-05,,,False
2026-06-30,EREGL.IS,trend_agent,AL,0.8,0.4961162334421126,0.25,2026-07-05,,,False
2026-06-30,EREGL.IS,rsi_agent,BEKLE,0.2,0.4,0.2,2026-07-05,,,False
2026-06-30,EREGL.IS,macd_agent,SAT,-0.75,0.7,0.2,2026-07-05,,,False
2026-06-30,EREGL.IS,volume_agent,BEKLE,-0.1,0.3,0.15,2026-07-05,,,False
2026-06-30,EREGL.IS,pattern_agent,BEKLE,0.0,0.25,0.2,2026-07-05,,,False
2026-06-30,PGSUS.IS,trend_agent,BEKLE,-0.2,0.3,0.25,2026-07-05,,,False
2026-06-30,PGSUS.IS,rsi_agent,BEKLE,0.2,0.4,0.2,2026-07-05,,,False
2026-06-30,PGSUS.IS,macd_agent,BEKLE,0.15,0.35,0.2,2026-07-05,,,False
2026-06-30,PGSUS.IS,volume_agent,BEKLE,-0.1,0.3,0.15,2026-07-05,,,False
2026-06-30,PGSUS.IS,pattern_agent,BEKLE,-0.4,0.45,0.2,2026-07-05,,,False
2026-06-30,ARCLK.IS,trend_agent,BEKLE,-0.2,0.3,0.25,2026-07-05,,,False
2026-06-30,ARCLK.IS,rsi_agent,BEKLE,0.0,0.3,0.2,2026-07-05,,,False
2026-06-30,ARCLK.IS,macd_agent,SAT,-0.75,0.7,0.2,2026-07-05,,,False
2026-06-30,ARCLK.IS,volume_agent,SAT,-0.6,0.5489945006872855,0.15,2026-07-05,,,False
2026-06-30,ARCLK.IS,pattern_agent,BEKLE,0.15,0.4,0.2,2026-07-05,,,False
2026-06-30,TTKOM.IS,trend_agent,BEKLE,0.3,0.4,0.25,2026-07-05,,,False
2026-06-30,TTKOM.IS,rsi_agent,BEKLE,0.2,0.4,0.2,2026-07-05,,,False
2026-06-30,TTKOM.IS,macd_agent,BEKLE,-0.45,0.5,0.2,2026-07-05,,,False
2026-06-30,TTKOM.IS,volume_agent,BEKLE,-0.1,0.3,0.15,2026-07-05,,,False
2026-06-30,TTKOM.IS,pattern_agent,BEKLE,0.15,0.4,0.2,2026-07-05,,,False
2026-06-30,ULKER.IS,trend_agent,AL,0.8,1.0,0.25,2026-07-05,,,False
2026-06-30,ULKER.IS,rsi_agent,BEKLE,0.4,0.5,0.2,2026-07-05,,,False
2026-06-30,ULKER.IS,macd_agent,BEKLE,-0.45,0.5,0.2,2026-07-05,,,False
2026-06-30,ULKER.IS,volume_agent,BEKLE,-0.1,0.3,0.15,2026-07-05,,,False
2026-06-30,ULKER.IS,pattern_agent,BEKLE,-0.4,0.45,0.2,2026-07-05,,,False
2026-06-30,TABGD.IS,trend_agent,AL,0.8,0.4630436128477272,0.25,2026-07-05,,,False
2026-06-30,TABGD.IS,rsi_agent,BEKLE,0.4,0.5,0.2,2026-07-05,,,False
2026-06-30,TABGD.IS,macd_agent,BEKLE,-0.1,0.3,0.2,2026-07-05,,,False
2026-06-30,TABGD.IS,volume_agent,SAT,-0.6,0.5427966212256862,0.15,2026-07-05,,,False
2026-06-30,TABGD.IS,pattern_agent,BEKLE,0.0,0.25,0.2,2026-07-05,,,False
2026-06-30,ASELS.IS,trend_agent,BEKLE,0.3,0.4,0.25,2026-07-05,,,False
2026-06-30,ASELS.IS,rsi_agent,BEKLE,0.0,0.3,0.2,2026-07-05,,,False
2026-06-30,ASELS.IS,macd_agent,BEKLE,-0.45,0.5,0.2,2026-07-05,,,False
2026-06-30,ASELS.IS,volume_agent,SAT,-0.6,0.5621191611981083,0.15,2026-07-05,,,False
2026-06-30,ASELS.IS,pattern_agent,BEKLE,0.0,0.25,0.2,2026-07-05,,,False
2026-06-30,KBORU.IS,trend_agent,BEKLE,0.3,0.4,0.25,2026-07-05,,,False
2026-06-30,KBORU.IS,rsi_agent,BEKLE,0.0,0.3,0.2,2026-07-05,,,False
2026-06-30,KBORU.IS,macd_agent,BEKLE,0.15,0.35,0.2,2026-07-05,,,False
2026-06-30,KBORU.IS,volume_agent,BEKLE,-0.1,0.3,0.15,2026-07-05,,,False
2026-06-30,KBORU.IS,pattern_agent,BEKLE,0.0,0.25,0.2,2026-07-05,,,False
2026-06-30,YKBNK.IS,trend_agent,AL,0.8,0.4701559107476853,0.25,2026-07-05,,,False
2026-06-30,YKBNK.IS,rsi_agent,BEKLE,0.2,0.4,0.2,2026-07-05,,,False
2026-06-30,YKBNK.IS,macd_agent,SAT,-0.75,0.7,0.2,2026-07-05,,,False
2026-06-30,YKBNK.IS,volume_agent,BEKLE,0.1,0.3,0.15,2026-07-05,,,False
2026-06-30,YKBNK.IS,pattern_agent,BEKLE,0.0,0.25,0.2,2026-07-05,,,False
2026-06-30,FROTO.IS,trend_agent,SAT,-0.7,0.5850042487949753,0.25,2026-07-05,,,False
2026-06-30,FROTO.IS,rsi_agent,BEKLE,0.0,0.3,0.2,2026-07-05,,,False
2026-06-30,FROTO.IS,macd_agent,BEKLE,-0.45,0.5,0.2,2026-07-05,,,False
2026-06-30,FROTO.IS,volume_agent,BEKLE,-0.1,0.3,0.15,2026-07-05,,,False
2026-06-30,FROTO.IS,pattern_agent,BEKLE,0.15,0.4,0.2,2026-07-05,,,False
2026-06-30,ENERY.IS,trend_agent,SAT,-0.7,0.7823228861163866,0.25,2026-07-05,,,False
2026-06-30,ENERY.IS,rsi_agent,BEKLE,-0.3,0.4,0.2,2026-07-05,,,False
2026-06-30,ENERY.IS,macd_agent,BEKLE,0.45,0.5,0.2,2026-07-05,,,False
2026-06-30,ENERY.IS,volume_agent,AL,0.7,0.6926726687037806,0.15,2026-07-05,,,False
2026-06-30,ENERY.IS,pattern_agent,AL,0.6,0.6,0.2,2026-07-05,,,False
2026-06-30,ISCTR.IS,trend_agent,BEKLE,0.3,0.4,0.25,2026-07-05,,,False
2026-06-30,ISCTR.IS,rsi_agent,BEKLE,0.2,0.4,0.2,2026-07-05,,,False
2026-06-30,ISCTR.IS,macd_agent,SAT,-0.75,0.7,0.2,2026-07-05,,,False
2026-06-30,ISCTR.IS,volume_agent,BEKLE,0.1,0.3,0.15,2026-07-05,,,False
2026-06-30,ISCTR.IS,pattern_agent,BEKLE,0.0,0.25,0.2,2026-07-05,,,False
2026-06-30,IZFAS.IS,trend_agent,AL,0.8,0.4112205557377652,0.25,2026-07-05,,,False
2026-06-30,IZFAS.IS,rsi_agent,BEKLE,0.0,0.3,0.2,2026-07-05,,,False
2026-06-30,IZFAS.IS,macd_agent,BEKLE,0.45,0.5,0.2,2026-07-05,,,False
2026-06-30,IZFAS.IS,volume_agent,BEKLE,0.0,0.3,0.15,2026-07-05,,,False
2026-06-30,IZFAS.IS,pattern_agent,BEKLE,0.0,0.25,0.2,2026-07-05,,,False
2026-06-30,PAPIL.IS,trend_agent,SAT,-0.7,0.4573249617916299,0.25,2026-07-05,,,False
2026-06-30,PAPIL.IS,rsi_agent,BEKLE,0.2,0.4,0.2,2026-07-05,,,False
2026-06-30,PAPIL.IS,macd_agent,BEKLE,0.15,0.35,0.2,2026-07-05,,,False
2026-06-30,PAPIL.IS,volume_agent,BEKLE,-0.1,0.3,0.15,2026-07-05,,,False
2026-06-30,PAPIL.IS,pattern_agent,BEKLE,0.0,0.25,0.2,2026-07-05,,,False
2026-06-30,TUPRS.IS,trend_agent,AL,0.8,0.4418655814658649,0.25,2026-07-05,,,False
2026-06-30,TUPRS.IS,rsi_agent,BEKLE,0.2,0.4,0.2,2026-07-05,,,False
2026-06-30,TUPRS.IS,macd_agent,AL,0.75,0.7,0.2,2026-07-05,,,False
2026-06-30,TUPRS.IS,volume_agent,BEKLE,0.1,0.3,0.15,2026-07-05,,,False
2026-06-30,TUPRS.IS,pattern_agent,BEKLE,0.0,0.25,0.2,2026-07-05,,,False
2026-06-30,MANAS.IS,trend_agent,AL,0.8,0.468216621134884,0.25,2026-07-05,,,False
2026-06-30,MANAS.IS,rsi_agent,BEKLE,0.0,0.3,0.2,2026-07-05,,,False
2026-06-30,MANAS.IS,macd_agent,BEKLE,0.45,0.5,0.2,2026-07-05,,,False
2026-06-30,MANAS.IS,volume_agent,AL,0.7,0.8722376732758871,0.15,2026-07-05,,,False
2026-06-30,MANAS.IS,pattern_agent,BEKLE,0.0,0.25,0.2,2026-07-05,,,False
2026-06-30,VESTL.IS,trend_agent,SAT,-0.7,0.5371872044237344,0.25,2026-07-05,,,False
2026-06-30,VESTL.IS,rsi_agent,BEKLE,0.2,0.4,0.2,2026-07-05,,,False
2026-06-30,VESTL.IS,macd_agent,BEKLE,0.15,0.35,0.2,2026-07-05,,,False
2026-06-30,VESTL.IS,volume_agent,SAT,-0.6,1.0,0.15,2026-07-05,,,False
2026-06-30,VESTL.IS,pattern_agent,BEKLE,-0.4,0.45,0.2,2026-07-05,,,False
2026-06-30,CIMSA.IS,trend_agent,BEKLE,0.3,0.4,0.25,2026-07-05,,,False
2026-06-30,CIMSA.IS,rsi_agent,BEKLE,0.0,0.3,0.2,2026-07-05,,,False
2026-06-30,CIMSA.IS,macd_agent,BEKLE,-0.45,0.5,0.2,2026-07-05,,,False
2026-06-30,CIMSA.IS,volume_agent,BEKLE,-0.1,0.3,0.15,2026-07-05,,,False
2026-06-30,CIMSA.IS,pattern_agent,BEKLE,-0.4,0.45,0.2,2026-07-05,,,False
2026-06-30,TEHOL.IS,trend_agent,AL,0.8,1.0,0.25,2026-07-05,,,False
2026-06-30,TEHOL.IS,rsi_agent,BEKLE,-0.3,0.4,0.2,2026-07-05,,,False
2026-06-30,TEHOL.IS,macd_agent,BEKLE,0.15,0.35,0.2,2026-07-05,,,False
2026-06-30,TEHOL.IS,volume_agent,BEKLE,0.0,0.3,0.15,2026-07-05,,,False
2026-06-30,TEHOL.IS,pattern_agent,BEKLE,0.2,0.35,0.2,2026-07-05,,,False
2026-06-30,KRDMA.IS,trend_agent,BEKLE,0.3,0.4,0.25,2026-07-05,,,False
2026-06-30,KRDMA.IS,rsi_agent,BEKLE,0.2,0.4,0.2,2026-07-05,,,False
2026-06-30,KRDMA.IS,macd_agent,BEKLE,-0.1,0.3,0.2,2026-07-05,,,False
2026-06-30,KRDMA.IS,volume_agent,BEKLE,0.0,0.3,0.15,2026-07-05,,,False
2026-06-30,KRDMA.IS,pattern_agent,BEKLE,0.15,0.4,0.2,2026-07-05,,,False
2026-06-30,PEKGY.IS,trend_agent,BEKLE,0.3,0.4,0.25,2026-07-05,,,False
2026-06-30,PEKGY.IS,rsi_agent,BEKLE,0.2,0.4,0.2,2026-07-05,,,False
2026-06-30,PEKGY.IS,macd_agent,BEKLE,0.15,0.35,0.2,2026-07-05,,,False
2026-06-30,PEKGY.IS,volume_agent,BEKLE,0.0,0.3,0.15,2026-07-05,,,False
2026-06-30,PEKGY.IS,pattern_agent,BEKLE,0.0,0.25,0.2,2026-07-05,,,False
2026-06-30,TCKRC.IS,trend_agent,AL,0.8,0.4767428996743494,0.25,2026-07-05,,,False
2026-06-30,TCKRC.IS,rsi_agent,BEKLE,-0.3,0.4,0.2,2026-07-05,,,False
2026-06-30,TCKRC.IS,macd_agent,BEKLE,0.45,0.5,0.2,2026-07-05,,,False
2026-06-30,TCKRC.IS,volume_agent,BEKLE,-0.1,0.3,0.15,2026-07-05,,,False
2026-06-30,TCKRC.IS,pattern_agent,BEKLE,0.0,0.25,0.2,2026-07-05,,,False
2026-06-30,GARAN.IS,trend_agent,SAT,-0.7,0.4364535351317959,0.25,2026-07-05,,,False
2026-06-30,GARAN.IS,rsi_agent,BEKLE,0.2,0.4,0.2,2026-07-05,,,False
2026-06-30,GARAN.IS,macd_agent,SAT,-0.75,0.7,0.2,2026-07-05,,,False
2026-06-30,GARAN.IS,volume_agent,BEKLE,0.1,0.3,0.15,2026-07-05,,,False
2026-06-30,GARAN.IS,pattern_agent,BEKLE,0.0,0.25,0.2,2026-07-05,,,False
2026-06-30,VAKBN.IS,trend_agent,BEKLE,0.3,0.4,0.25,2026-07-05,,,False
2026-06-30,VAKBN.IS,rsi_agent,BEKLE,0.2,0.4,0.2,2026-07-05,,,False
2026-06-30,VAKBN.IS,macd_agent,BEKLE,-0.45,0.5,0.2,2026-07-05,,,False
2026-06-30,VAKBN.IS,volume_agent,BEKLE,0.1,0.3,0.15,2026-07-05,,,False
2026-06-30,VAKBN.IS,pattern_agent,BEKLE,0.0,0.25,0.2,2026-07-05,,,False
2026-06-30,BIOEN.IS,trend_agent,SAT,-0.7,0.419595446345392,0.25,2026-07-05,,,False
2026-06-30,BIOEN.IS,rsi_agent,BEKLE,0.0,0.3,0.2,2026-07-05,,,False
2026-06-30,BIOEN.IS,macd_agent,BEKLE,0.45,0.5,0.2,2026-07-05,,,False
2026-06-30,BIOEN.IS,volume_agent,BEKLE,0.1,0.3,0.15,2026-07-05,,,False
2026-06-30,BIOEN.IS,pattern_agent,BEKLE,0.0,0.25,0.2,2026-07-05,,,False
2026-06-30,SOKM.IS,trend_agent,SAT,-0.7,0.4215947896542268,0.25,2026-07-05,,,False
2026-06-30,SOKM.IS,rsi_agent,BEKLE,0.0,0.3,0.2,2026-07-05,,,False
2026-06-30,SOKM.IS,macd_agent,BEKLE,-0.45,0.5,0.2,2026-07-05,,,False
2026-06-30,SOKM.IS,volume_agent,BEKLE,-0.1,0.3,0.15,2026-07-05,,,False
2026-06-30,SOKM.IS,pattern_agent,BEKLE,-0.4,0.45,0.2,2026-07-05,,,False
2026-06-30,KUYAS.IS,trend_agent,AL,0.8,0.6055893268904251,0.25,2026-07-05,,,False
2026-06-30,KUYAS.IS,rsi_agent,AL,0.7,0.7,0.2,2026-07-05,,,False
2026-06-30,KUYAS.IS,macd_agent,BEKLE,0.45,0.5,0.2,2026-07-05,,,False
2026-06-30,KUYAS.IS,volume_agent,AL,0.7,0.6791817403427521,0.15,2026-07-05,,,False
2026-06-30,KUYAS.IS,pattern_agent,BEKLE,0.15,0.4,0.2,2026-07-05,,,False
2026-06-30,TAVHL.IS,trend_agent,SAT,-0.7,0.527960639715283,0.25,2026-07-05,,,False
2026-06-30,TAVHL.IS,rsi_agent,BEKLE,0.2,0.4,0.2,2026-07-05,,,False
2026-06-30,TAVHL.IS,macd_agent,SAT,-0.75,0.7,0.2,2026-07-05,,,False
2026-06-30,TAVHL.IS,volume_agent,BEKLE,0.1,0.3,0.15,2026-07-05,,,False
2026-06-30,TAVHL.IS,pattern_agent,BEKLE,0.0,0.25,0.2,2026-07-05,,,False
2026-06-30,AEFES.IS,trend_agent,BEKLE,0.3,0.4,0.25,2026-07-05,,,False
2026-06-30,AEFES.IS,rsi_agent,BEKLE,0.2,0.4,0.2,2026-07-05,,,False
2026-06-30,AEFES.IS,macd_agent,BEKLE,-0.45,0.5,0.2,2026-07-05,,,False
2026-06-30,AEFES.IS,volume_agent,BEKLE,-0.1,0.3,0.15,2026-07-05,,,False
2026-06-30,AEFES.IS,pattern_agent,BEKLE,0.15,0.4,0.2,2026-07-05,,,False
2026-06-30,THYAO.IS,trend_agent,AL,0.8,0.5291244396051682,0.25,2026-07-05,,,False
2026-06-30,THYAO.IS,rsi_agent,BEKLE,0.0,0.3,0.2,2026-07-05,,,False
2026-06-30,THYAO.IS,macd_agent,BEKLE,0.15,0.35,0.2,2026-07-05,,,False
2026-06-30,THYAO.IS,volume_agent,BEKLE,-0.1,0.3,0.15,2026-07-05,,,False
2026-06-30,THYAO.IS,pattern_agent,BEKLE,0.0,0.25,0.2,2026-07-05,,,False
2026-06-30,CCOLA.IS,trend_agent,BEKLE,0.3,0.4,0.25,2026-07-05,,,False
2026-06-30,CCOLA.IS,rsi_agent,BEKLE,0.2,0.4,0.2,2026-07-05,,,False
2026-06-30,CCOLA.IS,macd_agent,BEKLE,0.45,0.5,0.2,2026-07-05,,,False
2026-06-30,CCOLA.IS,volume_agent,BEKLE,0.0,0.3,0.15,2026-07-05,,,False
2026-06-30,CCOLA.IS,pattern_agent,BEKLE,0.0,0.25,0.2,2026-07-05,,,False
2026-06-30,GRSEL.IS,trend_agent,BEKLE,-0.2,0.3,0.25,2026-07-05,,,False
2026-06-30,GRSEL.IS,rsi_agent,BEKLE,0.2,0.4,0.2,2026-07-05,,,False
2026-06-30,GRSEL.IS,macd_agent,BEKLE,-0.1,0.3,0.2,2026-07-05,,,False
2026-06-30,GRSEL.IS,volume_agent,BEKLE,0.0,0.3,0.15,2026-07-05,,,False
2026-06-30,GRSEL.IS,pattern_agent,BEKLE,0.15,0.4,0.2,2026-07-05,,,False
2026-07-01,SASA.IS,trend_agent,BEKLE,0.3,0.4,0.25,2026-07-06,,,False
2026-07-01,SASA.IS,rsi_agent,BEKLE,0.0,0.3,0.2,2026-07-06,,,False
2026-07-01,SASA.IS,macd_agent,BEKLE,-0.45,0.5,0.2,2026-07-06,,,False
2026-07-01,SASA.IS,volume_agent,BEKLE,0.0,0.3,0.15,2026-07-06,,,False
2026-07-01,SASA.IS,pattern_agent,BEKLE,0.0,0.25,0.2,2026-07-06,,,False
2026-07-01,OTKAR.IS,trend_agent,BEKLE,-0.2,0.3,0.25,2026-07-06,,,False
2026-07-01,OTKAR.IS,rsi_agent,BEKLE,0.2,0.4,0.2,2026-07-06,,,False
2026-07-01,OTKAR.IS,macd_agent,BEKLE,0.15,0.35,0.2,2026-07-06,,,False
2026-07-01,OTKAR.IS,volume_agent,BEKLE,-0.1,0.3,0.15,2026-07-06,,,False
2026-07-01,OTKAR.IS,pattern_agent,BEKLE,0.0,0.25,0.2,2026-07-06,,,False
2026-07-01,IEYHO.IS,trend_agent,AL,0.8,1.0,0.25,2026-07-06,,,False
2026-07-01,IEYHO.IS,rsi_agent,BEKLE,-0.3,0.4,0.2,2026-07-06,,,False
2026-07-01,IEYHO.IS,macd_agent,BEKLE,0.15,0.35,0.2,2026-07-06,,,False
2026-07-01,IEYHO.IS,volume_agent,SAT,-0.6,0.879648910986688,0.15,2026-07-06,,,False
2026-07-01,IEYHO.IS,pattern_agent,BEKLE,0.0,0.25,0.2,2026-07-06,,,False
2026-07-01,ALTNY.IS,trend_agent,BEKLE,0.3,0.4,0.25,2026-07-06,,,False
2026-07-01,ALTNY.IS,rsi_agent,BEKLE,0.0,0.3,0.2,2026-07-06,,,False
2026-07-01,ALTNY.IS,macd_agent,BEKLE,0.45,0.5,0.2,2026-07-06,,,False
2026-07-01,ALTNY.IS,volume_agent,AL,0.7,0.5805561506050919,0.15,2026-07-06,,,False
2026-07-01,ALTNY.IS,pattern_agent,BEKLE,0.15,0.4,0.2,2026-07-06,,,False
2026-07-01,TCELL.IS,trend_agent,BEKLE,0.3,0.4,0.25,2026-07-06,,,False
2026-07-01,TCELL.IS,rsi_agent,BEKLE,0.2,0.4,0.2,2026-07-06,,,False
2026-07-01,TCELL.IS,macd_agent,BEKLE,-0.45,0.5,0.2,2026-07-06,,,False
2026-07-01,TCELL.IS,volume_agent,BEKLE,0.1,0.3,0.15,2026-07-06,,,False
2026-07-01,TCELL.IS,pattern_agent,BEKLE,0.0,0.25,0.2,2026-07-06,,,False
2026-07-01,KCHOL.IS,trend_agent,BEKLE,0.3,0.4,0.25,2026-07-06,,,False
2026-07-01,KCHOL.IS,rsi_agent,BEKLE,0.2,0.4,0.2,2026-07-06,,,False
2026-07-01,KCHOL.IS,macd_agent,BEKLE,0.15,0.35,0.2,2026-07-06,,,False
2026-07-01,KCHOL.IS,volume_agent,BEKLE,0.1,0.3,0.15,2026-07-06,,,False
2026-07-01,KCHOL.IS,pattern_agent,BEKLE,0.0,0.25,0.2,2026-07-06,,,False
2026-07-01,MGROS.IS,trend_agent,BEKLE,0.3,0.4,0.25,2026-07-06,,,False
2026-07-01,MGROS.IS,rsi_agent,BEKLE,0.0,0.3,0.2,2026-07-06,,,False
2026-07-01,MGROS.IS,macd_agent,BEKLE,-0.45,0.5,0.2,2026-07-06,,,False
2026-07-01,MGROS.IS,volume_agent,BEKLE,-0.1,0.3,0.15,2026-07-06,,,False
2026-07-01,MGROS.IS,pattern_agent,BEKLE,0.0,0.25,0.2,2026-07-06,,,False
2026-07-01,SISE.IS,trend_agent,BEKLE,0.3,0.4,0.25,2026-07-06,,,False
2026-07-01,SISE.IS,rsi_agent,BEKLE,0.2,0.4,0.2,2026-07-06,,,False
2026-07-01,SISE.IS,macd_agent,BEKLE,-0.1,0.3,0.2,2026-07-06,,,False
2026-07-01,SISE.IS,volume_agent,BEKLE,0.1,0.3,0.15,2026-07-06,,,False
2026-07-01,SISE.IS,pattern_agent,BEKLE,0.15,0.4,0.2,2026-07-06,,,False
2026-07-01,TOASO.IS,trend_agent,BEKLE,0.3,0.4,0.25,2026-07-06,,,False
2026-07-01,TOASO.IS,rsi_agent,BEKLE,0.2,0.4,0.2,2026-07-06,,,False
2026-07-01,TOASO.IS,macd_agent,BEKLE,-0.45,0.5,0.2,2026-07-06,,,False
2026-07-01,TOASO.IS,volume_agent,BEKLE,-0.1,0.3,0.15,2026-07-06,,,False
2026-07-01,TOASO.IS,pattern_agent,BEKLE,0.0,0.25,0.2,2026-07-06,,,False
2026-07-01,SKBNK.IS,trend_agent,AL,0.8,0.6357165054210803,0.25,2026-07-06,,,False
2026-07-01,SKBNK.IS,rsi_agent,BEKLE,0.0,0.3,0.2,2026-07-06,,,False
2026-07-01,SKBNK.IS,macd_agent,BEKLE,0.45,0.5,0.2,2026-07-06,,,False
2026-07-01,SKBNK.IS,volume_agent,AL,0.7,0.5504183943009975,0.15,2026-07-06,,,False
2026-07-01,SKBNK.IS,pattern_agent,BEKLE,0.0,0.25,0.2,2026-07-06,,,False
2026-07-01,KRDMD.IS,trend_agent,BEKLE,0.3,0.4,0.25,2026-07-06,,,False
2026-07-01,KRDMD.IS,rsi_agent,BEKLE,0.2,0.4,0.2,2026-07-06,,,False
2026-07-01,KRDMD.IS,macd_agent,BEKLE,-0.45,0.5,0.2,2026-07-06,,,False
2026-07-01,KRDMD.IS,volume_agent,AL,0.7,0.7827613631691491,0.15,2026-07-06,,,False
2026-07-01,KRDMD.IS,pattern_agent,BEKLE,0.15,0.4,0.2,2026-07-06,,,False
2026-07-01,BIMAS.IS,trend_agent,BEKLE,0.3,0.4,0.25,2026-07-06,,,False
2026-07-01,BIMAS.IS,rsi_agent,BEKLE,0.0,0.3,0.2,2026-07-06,,,False
2026-07-01,BIMAS.IS,macd_agent,BEKLE,-0.45,0.5,0.2,2026-07-06,,,False
2026-07-01,BIMAS.IS,volume_agent,BEKLE,-0.1,0.3,0.15,2026-07-06,,,False
2026-07-01,BIMAS.IS,pattern_agent,BEKLE,0.0,0.25,0.2,2026-07-06,,,False
2026-07-01,BINHO.IS,trend_agent,SAT,-0.7,0.5859723606326073,0.25,2026-07-06,,,False
2026-07-01,BINHO.IS,rsi_agent,SAT,-0.6,0.65,0.2,2026-07-06,,,False
2026-07-01,BINHO.IS,macd_agent,BEKLE,0.45,0.5,0.2,2026-07-06,,,False
2026-07-01,BINHO.IS,volume_agent,SAT,-0.6,1.0,0.15,2026-07-06,,,False
2026-07-01,BINHO.IS,pattern_agent,BEKLE,0.0,0.25,0.2,2026-07-06,,,False
2026-07-01,SAHOL.IS,trend_agent,BEKLE,0.3,0.4,0.25,2026-07-06,,,False
2026-07-01,SAHOL.IS,rsi_agent,BEKLE,0.2,0.4,0.2,2026-07-06,,,False
2026-07-01,SAHOL.IS,macd_agent,BEKLE,-0.45,0.5,0.2,2026-07-06,,,False
2026-07-01,SAHOL.IS,volume_agent,BEKLE,0.1,0.3,0.15,2026-07-06,,,False
2026-07-01,SAHOL.IS,pattern_agent,BEKLE,0.0,0.25,0.2,2026-07-06,,,False
2026-07-01,KATMR.IS,trend_agent,BEKLE,-0.2,0.3,0.25,2026-07-06,,,False
2026-07-01,KATMR.IS,rsi_agent,BEKLE,0.2,0.4,0.2,2026-07-06,,,False
2026-07-01,KATMR.IS,macd_agent,BEKLE,0.45,0.5,0.2,2026-07-06,,,False
2026-07-01,KATMR.IS,volume_agent,BEKLE,0.1,0.3,0.15,2026-07-06,,,False
2026-07-01,KATMR.IS,pattern_agent,BEKLE,0.15,0.4,0.2,2026-07-06,,,False
2026-07-01,ENKAI.IS,trend_agent,AL,0.8,0.8018174249123377,0.25,2026-07-06,,,False
2026-07-01,ENKAI.IS,rsi_agent,BEKLE,0.2,0.4,0.2,2026-07-06,,,False
2026-07-01,ENKAI.IS,macd_agent,AL,0.75,0.7,0.2,2026-07-06,,,False
2026-07-01,ENKAI.IS,volume_agent,AL,0.7,0.5147252212797441,0.15,2026-07-06,,,False
2026-07-01,ENKAI.IS,pattern_agent,BEKLE,0.15,0.4,0.2,2026-07-06,,,False
2026-07-01,EREGL.IS,trend_agent,AL,0.8,0.4892226212362242,0.25,2026-07-06,,,False
2026-07-01,EREGL.IS,rsi_agent,BEKLE,0.2,0.4,0.2,2026-07-06,,,False
2026-07-01,EREGL.IS,macd_agent,BEKLE,-0.45,0.5,0.2,2026-07-06,,,False
2026-07-01,EREGL.IS,volume_agent,BEKLE,-0.1,0.3,0.15,2026-07-06,,,False
2026-07-01,EREGL.IS,pattern_agent,BEKLE,0.0,0.25,0.2,2026-07-06,,,False
2026-07-01,PGSUS.IS,trend_agent,BEKLE,-0.2,0.3,0.25,2026-07-06,,,False
2026-07-01,PGSUS.IS,rsi_agent,BEKLE,0.2,0.4,0.2,2026-07-06,,,False
2026-07-01,PGSUS.IS,macd_agent,SAT,-0.75,0.7,0.2,2026-07-06,,,False
2026-07-01,PGSUS.IS,volume_agent,BEKLE,0.1,0.3,0.15,2026-07-06,,,False
2026-07-01,PGSUS.IS,pattern_agent,BEKLE,0.0,0.25,0.2,2026-07-06,,,False
2026-07-01,ARCLK.IS,trend_agent,SAT,-0.7,0.4050332586865779,0.25,2026-07-06,,,False
2026-07-01,ARCLK.IS,rsi_agent,BEKLE,0.0,0.3,0.2,2026-07-06,,,False
2026-07-01,ARCLK.IS,macd_agent,BEKLE,-0.45,0.5,0.2,2026-07-06,,,False
2026-07-01,ARCLK.IS,volume_agent,BEKLE,0.1,0.3,0.15,2026-07-06,,,False
2026-07-01,ARCLK.IS,pattern_agent,BEKLE,0.0,0.25,0.2,2026-07-06,,,False
2026-07-01,TTKOM.IS,trend_agent,BEKLE,0.3,0.4,0.25,2026-07-06,,,False
2026-07-01,TTKOM.IS,rsi_agent,BEKLE,0.0,0.3,0.2,2026-07-06,,,False
2026-07-01,TTKOM.IS,macd_agent,BEKLE,-0.45,0.5,0.2,2026-07-06,,,False
2026-07-01,TTKOM.IS,volume_agent,BEKLE,-0.1,0.3,0.15,2026-07-06,,,False
2026-07-01,TTKOM.IS,pattern_agent,BEKLE,0.15,0.4,0.2,2026-07-06,,,False
2026-07-01,ULKER.IS,trend_agent,AL,0.8,1.0,0.25,2026-07-06,,,False
2026-07-01,ULKER.IS,rsi_agent,BEKLE,0.4,0.5,0.2,2026-07-06,,,False
2026-07-01,ULKER.IS,macd_agent,BEKLE,-0.45,0.5,0.2,2026-07-06,,,False
2026-07-01,ULKER.IS,volume_agent,AL,0.7,0.5082999619356059,0.15,2026-07-06,,,False
2026-07-01,ULKER.IS,pattern_agent,BEKLE,0.0,0.25,0.2,2026-07-06,,,False
2026-07-01,TABGD.IS,trend_agent,AL,0.8,0.4942800943233685,0.25,2026-07-06,,,False
2026-07-01,TABGD.IS,rsi_agent,BEKLE,0.4,0.5,0.2,2026-07-06,,,False
2026-07-01,TABGD.IS,macd_agent,BEKLE,-0.1,0.3,0.2,2026-07-06,,,False
2026-07-01,TABGD.IS,volume_agent,AL,0.7,1.0,0.15,2026-07-06,,,False
2026-07-01,TABGD.IS,pattern_agent,BEKLE,0.0,0.25,0.2,2026-07-06,,,False
2026-07-01,ASELS.IS,trend_agent,BEKLE,0.3,0.4,0.25,2026-07-06,,,False
2026-07-01,ASELS.IS,rsi_agent,BEKLE,0.2,0.4,0.2,2026-07-06,,,False
2026-07-01,ASELS.IS,macd_agent,BEKLE,-0.1,0.3,0.2,2026-07-06,,,False
2026-07-01,ASELS.IS,volume_agent,AL,0.7,0.6176050310182452,0.15,2026-07-06,,,False
2026-07-01,ASELS.IS,pattern_agent,BEKLE,0.0,0.25,0.2,2026-07-06,,,False
2026-07-01,KBORU.IS,trend_agent,BEKLE,0.3,0.4,0.25,2026-07-06,,,False
2026-07-01,KBORU.IS,rsi_agent,BEKLE,0.0,0.3,0.2,2026-07-06,,,False
2026-07-01,KBORU.IS,macd_agent,BEKLE,0.15,0.35,0.2,2026-07-06,,,False
2026-07-01,KBORU.IS,volume_agent,BEKLE,0.1,0.3,0.15,2026-07-06,,,False
2026-07-01,KBORU.IS,pattern_agent,BEKLE,0.0,0.25,0.2,2026-07-06,,,False
2026-07-01,YKBNK.IS,trend_agent,AL,0.8,0.4439068327081064,0.25,2026-07-06,,,False
2026-07-01,YKBNK.IS,rsi_agent,BEKLE,0.2,0.4,0.2,2026-07-06,,,False
2026-07-01,YKBNK.IS,macd_agent,BEKLE,-0.45,0.5,0.2,2026-07-06,,,False
2026-07-01,YKBNK.IS,volume_agent,BEKLE,0.1,0.3,0.15,2026-07-06,,,False
2026-07-01,YKBNK.IS,pattern_agent,BEKLE,0.0,0.25,0.2,2026-07-06,,,False
2026-07-01,FROTO.IS,trend_agent,SAT,-0.7,0.602151116829728,0.25,2026-07-06,,,False
2026-07-01,FROTO.IS,rsi_agent,BEKLE,0.0,0.3,0.2,2026-07-06,,,False
2026-07-01,FROTO.IS,macd_agent,BEKLE,-0.45,0.5,0.2,2026-07-06,,,False
2026-07-01,FROTO.IS,volume_agent,BEKLE,0.1,0.3,0.15,2026-07-06,,,False
2026-07-01,FROTO.IS,pattern_agent,BEKLE,0.15,0.4,0.2,2026-07-06,,,False
2026-07-01,ENERY.IS,trend_agent,SAT,-0.7,0.8321386818710442,0.25,2026-07-06,,,False
2026-07-01,ENERY.IS,rsi_agent,BEKLE,-0.3,0.4,0.2,2026-07-06,,,False
2026-07-01,ENERY.IS,macd_agent,BEKLE,0.45,0.5,0.2,2026-07-06,,,False
2026-07-01,ENERY.IS,volume_agent,AL,0.7,0.9242592594689666,0.15,2026-07-06,,,False
2026-07-01,ENERY.IS,pattern_agent,BEKLE,0.2,0.35,0.2,2026-07-06,,,False
2026-07-01,ISCTR.IS,trend_agent,BEKLE,0.3,0.4,0.25,2026-07-06,,,False
2026-07-01,ISCTR.IS,rsi_agent,BEKLE,0.2,0.4,0.2,2026-07-06,,,False
2026-07-01,ISCTR.IS,macd_agent,BEKLE,-0.45,0.5,0.2,2026-07-06,,,False
2026-07-01,ISCTR.IS,volume_agent,BEKLE,0.1,0.3,0.15,2026-07-06,,,False
2026-07-01,ISCTR.IS,pattern_agent,BEKLE,0.0,0.25,0.2,2026-07-06,,,False
2026-07-01,IZFAS.IS,trend_agent,AL,0.8,0.4558832259779916,0.25,2026-07-06,,,False
2026-07-01,IZFAS.IS,rsi_agent,BEKLE,0.0,0.3,0.2,2026-07-06,,,False
2026-07-01,IZFAS.IS,macd_agent,BEKLE,0.45,0.5,0.2,2026-07-06,,,False
2026-07-01,IZFAS.IS,volume_agent,AL,0.7,0.5125935551662077,0.15,2026-07-06,,,False
2026-07-01,IZFAS.IS,pattern_agent,BEKLE,0.0,0.25,0.2,2026-07-06,,,False
2026-07-01,PAPIL.IS,trend_agent,SAT,-0.7,0.4841306550272689,0.25,2026-07-06,,,False
2026-07-01,PAPIL.IS,rsi_agent,BEKLE,0.2,0.4,0.2,2026-07-06,,,False
2026-07-01,PAPIL.IS,macd_agent,BEKLE,0.15,0.35,0.2,2026-07-06,,,False
2026-07-01,PAPIL.IS,volume_agent,BEKLE,-0.1,0.3,0.15,2026-07-06,,,False
2026-07-01,PAPIL.IS,pattern_agent,BEKLE,0.0,0.25,0.2,2026-07-06,,,False
2026-07-01,TUPRS.IS,trend_agent,AL,0.8,0.4367989543930335,0.25,2026-07-06,,,False
2026-07-01,TUPRS.IS,rsi_agent,BEKLE,0.2,0.4,0.2,2026-07-06,,,False
2026-07-01,TUPRS.IS,macd_agent,BEKLE,0.45,0.5,0.2,2026-07-06,,,False
2026-07-01,TUPRS.IS,volume_agent,BEKLE,0.1,0.3,0.15,2026-07-06,,,False
2026-07-01,TUPRS.IS,pattern_agent,BEKLE,0.0,0.25,0.2,2026-07-06,,,False
2026-07-01,MANAS.IS,trend_agent,AL,0.8,0.4990224253798264,0.25,2026-07-06,,,False
2026-07-01,MANAS.IS,rsi_agent,BEKLE,0.0,0.3,0.2,2026-07-06,,,False
2026-07-01,MANAS.IS,macd_agent,BEKLE,0.15,0.35,0.2,2026-07-06,,,False
2026-07-01,MANAS.IS,volume_agent,BEKLE,-0.1,0.3,0.15,2026-07-06,,,False
2026-07-01,MANAS.IS,pattern_agent,BEKLE,0.0,0.25,0.2,2026-07-06,,,False
2026-07-01,VESTL.IS,trend_agent,SAT,-0.7,0.5328614990728928,0.25,2026-07-06,,,False
2026-07-01,VESTL.IS,rsi_agent,BEKLE,0.2,0.4,0.2,2026-07-06,,,False
2026-07-01,VESTL.IS,macd_agent,BEKLE,0.15,0.35,0.2,2026-07-06,,,False
2026-07-01,VESTL.IS,volume_agent,SAT,-0.6,0.6965316615745883,0.15,2026-07-06,,,False
2026-07-01,VESTL.IS,pattern_agent,BEKLE,0.0,0.25,0.2,2026-07-06,,,False
2026-07-01,CIMSA.IS,trend_agent,BEKLE,0.3,0.4,0.25,2026-07-06,,,False
2026-07-01,CIMSA.IS,rsi_agent,BEKLE,0.0,0.3,0.2,2026-07-06,,,False
2026-07-01,CIMSA.IS,macd_agent,BEKLE,-0.45,0.5,0.2,2026-07-06,,,False
2026-07-01,CIMSA.IS,volume_agent,BEKLE,0.1,0.3,0.15,2026-07-06,,,False
2026-07-01,CIMSA.IS,pattern_agent,BEKLE,0.15,0.4,0.2,2026-07-06,,,False
2026-07-01,TEHOL.IS,trend_agent,AL,0.8,1.0,0.25,2026-07-06,,,False
2026-07-01,TEHOL.IS,rsi_agent,BEKLE,-0.3,0.4,0.2,2026-07-06,,,False
2026-07-01,TEHOL.IS,macd_agent,BEKLE,0.15,0.35,0.2,2026-07-06,,,False
2026-07-01,TEHOL.IS,volume_agent,BEKLE,0.0,0.3,0.15,2026-07-06,,,False
2026-07-01,TEHOL.IS,pattern_agent,AL,0.6,0.6,0.2,2026-07-06,,,False
2026-07-01,KRDMA.IS,trend_agent,BEKLE,0.3,0.4,0.25,2026-07-06,,,False
2026-07-01,KRDMA.IS,rsi_agent,BEKLE,0.2,0.4,0.2,2026-07-06,,,False
2026-07-01,KRDMA.IS,macd_agent,BEKLE,-0.45,0.5,0.2,2026-07-06,,,False
2026-07-01,KRDMA.IS,volume_agent,BEKLE,0.0,0.3,0.15,2026-07-06,,,False
2026-07-01,KRDMA.IS,pattern_agent,BEKLE,0.15,0.4,0.2,2026-07-06,,,False
2026-07-01,PEKGY.IS,trend_agent,BEKLE,0.3,0.4,0.25,2026-07-06,,,False
2026-07-01,PEKGY.IS,rsi_agent,BEKLE,0.2,0.4,0.2,2026-07-06,,,False
2026-07-01,PEKGY.IS,macd_agent,BEKLE,0.15,0.35,0.2,2026-07-06,,,False
2026-07-01,PEKGY.IS,volume_agent,BEKLE,0.1,0.3,0.15,2026-07-06,,,False
2026-07-01,PEKGY.IS,pattern_agent,BEKLE,0.0,0.25,0.2,2026-07-06,,,False
2026-07-01,TCKRC.IS,trend_agent,AL,0.8,0.4580600544293123,0.25,2026-07-06,,,False
2026-07-01,TCKRC.IS,rsi_agent,SAT,-0.6,0.65,0.2,2026-07-06,,,False
2026-07-01,TCKRC.IS,macd_agent,BEKLE,0.15,0.35,0.2,2026-07-06,,,False
2026-07-01,TCKRC.IS,volume_agent,BEKLE,-0.1,0.3,0.15,2026-07-06,,,False
2026-07-01,TCKRC.IS,pattern_agent,BEKLE,-0.4,0.45,0.2,2026-07-06,,,False
2026-07-01,GARAN.IS,trend_agent,SAT,-0.7,0.439982908881153,0.25,2026-07-06,,,False
2026-07-01,GARAN.IS,rsi_agent,BEKLE,0.2,0.4,0.2,2026-07-06,,,False
2026-07-01,GARAN.IS,macd_agent,BEKLE,-0.45,0.5,0.2,2026-07-06,,,False
2026-07-01,GARAN.IS,volume_agent,BEKLE,0.1,0.3,0.15,2026-07-06,,,False
2026-07-01,GARAN.IS,pattern_agent,BEKLE,0.0,0.25,0.2,2026-07-06,,,False
2026-07-01,VAKBN.IS,trend_agent,BEKLE,0.3,0.4,0.25,2026-07-06,,,False
2026-07-01,VAKBN.IS,rsi_agent,BEKLE,0.2,0.4,0.2,2026-07-06,,,False
2026-07-01,VAKBN.IS,macd_agent,BEKLE,-0.1,0.3,0.2,2026-07-06,,,False
2026-07-01,VAKBN.IS,volume_agent,BEKLE,0.1,0.3,0.15,2026-07-06,,,False
2026-07-01,VAKBN.IS,pattern_agent,BEKLE,0.0,0.25,0.2,2026-07-06,,,False
2026-07-01,BIOEN.IS,trend_agent,SAT,-0.7,0.438447484861644,0.25,2026-07-06,,,False
2026-07-01,BIOEN.IS,rsi_agent,BEKLE,0.2,0.4,0.2,2026-07-06,,,False
2026-07-01,BIOEN.IS,macd_agent,BEKLE,0.15,0.35,0.2,2026-07-06,,,False
2026-07-01,BIOEN.IS,volume_agent,BEKLE,0.0,0.3,0.15,2026-07-06,,,False
2026-07-01,BIOEN.IS,pattern_agent,BEKLE,0.15,0.4,0.2,2026-07-06,,,False
2026-07-01,SOKM.IS,trend_agent,SAT,-0.7,0.4266173382858456,0.25,2026-07-06,,,False
2026-07-01,SOKM.IS,rsi_agent,BEKLE,0.0,0.3,0.2,2026-07-06,,,False
2026-07-01,SOKM.IS,macd_agent,BEKLE,-0.1,0.3,0.2,2026-07-06,,,False
2026-07-01,SOKM.IS,volume_agent,BEKLE,0.1,0.3,0.15,2026-07-06,,,False
2026-07-01,SOKM.IS,pattern_agent,BEKLE,0.0,0.25,0.2,2026-07-06,,,False
2026-07-01,KUYAS.IS,trend_agent,AL,0.8,0.5784792524361049,0.25,2026-07-06,,,False
2026-07-01,KUYAS.IS,rsi_agent,BEKLE,0.2,0.4,0.2,2026-07-06,,,False
2026-07-01,KUYAS.IS,macd_agent,BEKLE,0.45,0.5,0.2,2026-07-06,,,False
2026-07-01,KUYAS.IS,volume_agent,SAT,-0.6,0.9075180272200029,0.15,2026-07-06,,,False
2026-07-01,KUYAS.IS,pattern_agent,BEKLE,0.15,0.4,0.2,2026-07-06,,,False
2026-07-01,TAVHL.IS,trend_agent,SAT,-0.7,0.512666151200779,0.25,2026-07-06,,,False
2026-07-01,TAVHL.IS,rsi_agent,BEKLE,0.2,0.4,0.2,2026-07-06,,,False
2026-07-01,TAVHL.IS,macd_agent,BEKLE,-0.45,0.5,0.2,2026-07-06,,,False
2026-07-01,TAVHL.IS,volume_agent,BEKLE,0.1,0.3,0.15,2026-07-06,,,False
2026-07-01,TAVHL.IS,pattern_agent,BEKLE,0.0,0.25,0.2,2026-07-06,,,False
2026-07-01,AEFES.IS,trend_agent,BEKLE,0.3,0.4,0.25,2026-07-06,,,False
2026-07-01,AEFES.IS,rsi_agent,BEKLE,0.2,0.4,0.2,2026-07-06,,,False
2026-07-01,AEFES.IS,macd_agent,BEKLE,-0.45,0.5,0.2,2026-07-06,,,False
2026-07-01,AEFES.IS,volume_agent,BEKLE,-0.1,0.3,0.15,2026-07-06,,,False
2026-07-01,AEFES.IS,pattern_agent,BEKLE,0.15,0.4,0.2,2026-07-06,,,False
2026-07-01,THYAO.IS,trend_agent,AL,0.8,0.5247007958442464,0.25,2026-07-06,,,False
2026-07-01,THYAO.IS,rsi_agent,BEKLE,0.0,0.3,0.2,2026-07-06,,,False
2026-07-01,THYAO.IS,macd_agent,BEKLE,0.15,0.35,0.2,2026-07-06,,,False
2026-07-01,THYAO.IS,volume_agent,BEKLE,0.1,0.3,0.15,2026-07-06,,,False
2026-07-01,THYAO.IS,pattern_agent,BEKLE,0.0,0.25,0.2,2026-07-06,,,False
2026-07-01,CCOLA.IS,trend_agent,BEKLE,0.3,0.4,0.25,2026-07-06,,,False
2026-07-01,CCOLA.IS,rsi_agent,BEKLE,0.2,0.4,0.2,2026-07-06,,,False
2026-07-01,CCOLA.IS,macd_agent,BEKLE,0.45,0.5,0.2,2026-07-06,,,False
2026-07-01,CCOLA.IS,volume_agent,BEKLE,-0.1,0.3,0.15,2026-07-06,,,False
2026-07-01,CCOLA.IS,pattern_agent,BEKLE,0.0,0.25,0.2,2026-07-06,,,False
2026-07-01,GRSEL.IS,trend_agent,BEKLE,-0.2,0.3,0.25,2026-07-06,,,False
2026-07-01,GRSEL.IS,rsi_agent,BEKLE,0.2,0.4,0.2,2026-07-06,,,False
2026-07-01,GRSEL.IS,macd_agent,BEKLE,-0.1,0.3,0.2,2026-07-06,,,False
2026-07-01,GRSEL.IS,volume_agent,BEKLE,-0.1,0.3,0.15,2026-07-06,,,False
2026-07-01,GRSEL.IS,pattern_agent,BEKLE,0.15,0.4,0.2,2026-07-06,,,False
2026-07-02,SASA.IS,trend_agent,BEKLE,-0.2,0.3,0.25,2026-07-07,,,False
2026-07-02,SASA.IS,rsi_agent,BEKLE,0.0,0.3,0.2,2026-07-07,,,False
2026-07-02,SASA.IS,macd_agent,BEKLE,-0.45,0.5,0.2,2026-07-07,,,False
2026-07-02,SASA.IS,volume_agent,SAT,-0.6,1.0,0.15,2026-07-07,,,False
2026-07-02,SASA.IS,pattern_agent,BEKLE,0.0,0.25,0.2,2026-07-07,,,False
2026-07-02,OTKAR.IS,trend_agent,BEKLE,-0.2,0.3,0.25,2026-07-07,,,False
2026-07-02,OTKAR.IS,rsi_agent,BEKLE,0.2,0.4,0.2,2026-07-07,,,False
2026-07-02,OTKAR.IS,macd_agent,BEKLE,0.45,0.5,0.2,2026-07-07,,,False
2026-07-02,OTKAR.IS,volume_agent,AL,0.7,0.9635729243908516,0.15,2026-07-07,,,False
2026-07-02,OTKAR.IS,pattern_agent,BEKLE,0.0,0.25,0.2,2026-07-07,,,False
2026-07-02,IEYHO.IS,trend_agent,AL,0.8,1.0,0.25,2026-07-07,,,False
2026-07-02,IEYHO.IS,rsi_agent,BEKLE,-0.3,0.4,0.2,2026-07-07,,,False
2026-07-02,IEYHO.IS,macd_agent,BEKLE,0.45,0.5,0.2,2026-07-07,,,False
2026-07-02,IEYHO.IS,volume_agent,AL,0.7,0.5564547158126134,0.15,2026-07-07,,,False
2026-07-02,IEYHO.IS,pattern_agent,BEKLE,0.0,0.25,0.2,2026-07-07,,,False
2026-07-02,ALTNY.IS,trend_agent,BEKLE,0.3,0.4,0.25,2026-07-07,,,False
2026-07-02,ALTNY.IS,rsi_agent,BEKLE,0.2,0.4,0.2,2026-07-07,,,False
2026-07-02,ALTNY.IS,macd_agent,BEKLE,0.45,0.5,0.2,2026-07-07,,,False
2026-07-02,ALTNY.IS,volume_agent,BEKLE,-0.1,0.3,0.15,2026-07-07,,,False
2026-07-02,ALTNY.IS,pattern_agent,BEKLE,-0.4,0.45,0.2,2026-07-07,,,False
2026-07-02,TCELL.IS,trend_agent,BEKLE,0.3,0.4,0.25,2026-07-07,,,False
2026-07-02,TCELL.IS,rsi_agent,BEKLE,0.2,0.4,0.2,2026-07-07,,,False
2026-07-02,TCELL.IS,macd_agent,BEKLE,-0.45,0.5,0.2,2026-07-07,,,False
2026-07-02,TCELL.IS,volume_agent,BEKLE,-0.1,0.3,0.15,2026-07-07,,,False
2026-07-02,TCELL.IS,pattern_agent,BEKLE,0.0,0.25,0.2,2026-07-07,,,False
2026-07-02,KCHOL.IS,trend_agent,BEKLE,0.3,0.4,0.25,2026-07-07,,,False
2026-07-02,KCHOL.IS,rsi_agent,BEKLE,0.2,0.4,0.2,2026-07-07,,,False
2026-07-02,KCHOL.IS,macd_agent,BEKLE,0.15,0.35,0.2,2026-07-07,,,False
2026-07-02,KCHOL.IS,volume_agent,BEKLE,-0.1,0.3,0.15,2026-07-07,,,False
2026-07-02,KCHOL.IS,pattern_agent,BEKLE,0.0,0.25,0.2,2026-07-07,,,False
2026-07-02,MGROS.IS,trend_agent,BEKLE,0.3,0.4,0.25,2026-07-07,,,False
2026-07-02,MGROS.IS,rsi_agent,BEKLE,0.0,0.3,0.2,2026-07-07,,,False
2026-07-02,MGROS.IS,macd_agent,BEKLE,-0.45,0.5,0.2,2026-07-07,,,False
2026-07-02,MGROS.IS,volume_agent,SAT,-0.6,0.6983089561621824,0.15,2026-07-07,,,False
2026-07-02,MGROS.IS,pattern_agent,BEKLE,-0.4,0.45,0.2,2026-07-07,,,False
2026-07-02,SISE.IS,trend_agent,BEKLE,0.3,0.4,0.25,2026-07-07,,,False
2026-07-02,SISE.IS,rsi_agent,BEKLE,0.2,0.4,0.2,2026-07-07,,,False
2026-07-02,SISE.IS,macd_agent,BEKLE,-0.45,0.5,0.2,2026-07-07,,,False
2026-07-02,SISE.IS,volume_agent,BEKLE,-0.1,0.3,0.15,2026-07-07,,,False
2026-07-02,SISE.IS,pattern_agent,BEKLE,0.15,0.4,0.2,2026-07-07,,,False
2026-07-02,TOASO.IS,trend_agent,BEKLE,0.3,0.4,0.25,2026-07-07,,,False
2026-07-02,TOASO.IS,rsi_agent,BEKLE,0.2,0.4,0.2,2026-07-07,,,False
2026-07-02,TOASO.IS,macd_agent,BEKLE,-0.45,0.5,0.2,2026-07-07,,,False
2026-07-02,TOASO.IS,volume_agent,BEKLE,0.1,0.3,0.15,2026-07-07,,,False
2026-07-02,TOASO.IS,pattern_agent,BEKLE,0.0,0.25,0.2,2026-07-07,,,False
2026-07-02,SKBNK.IS,trend_agent,AL,0.8,0.6524747476952005,0.25,2026-07-07,,,False
2026-07-02,SKBNK.IS,rsi_agent,BEKLE,-0.3,0.4,0.2,2026-07-07,,,False
2026-07-02,SKBNK.IS,macd_agent,BEKLE,0.45,0.5,0.2,2026-07-07,,,False
2026-07-02,SKBNK.IS,volume_agent,BEKLE,0.1,0.3,0.15,2026-07-07,,,False
2026-07-02,SKBNK.IS,pattern_agent,AL,0.6,0.6,0.2,2026-07-07,,,False
2026-07-02,KRDMD.IS,trend_agent,BEKLE,0.3,0.4,0.25,2026-07-07,,,False
2026-07-02,KRDMD.IS,rsi_agent,BEKLE,0.2,0.4,0.2,2026-07-07,,,False
2026-07-02,KRDMD.IS,macd_agent,BEKLE,-0.45,0.5,0.2,2026-07-07,,,False
2026-07-02,KRDMD.IS,volume_agent,SAT,-0.6,0.7102406660513054,0.15,2026-07-07,,,False
2026-07-02,KRDMD.IS,pattern_agent,BEKLE,0.15,0.4,0.2,2026-07-07,,,False
2026-07-02,BIMAS.IS,trend_agent,BEKLE,0.3,0.4,0.25,2026-07-07,,,False
2026-07-02,BIMAS.IS,rsi_agent,BEKLE,0.0,0.3,0.2,2026-07-07,,,False
2026-07-02,BIMAS.IS,macd_agent,BEKLE,-0.45,0.5,0.2,2026-07-07,,,False
2026-07-02,BIMAS.IS,volume_agent,BEKLE,-0.1,0.3,0.15,2026-07-07,,,False
2026-07-02,BIMAS.IS,pattern_agent,BEKLE,0.0,0.25,0.2,2026-07-07,,,False
2026-07-02,BINHO.IS,trend_agent,SAT,-0.7,0.610561108732763,0.25,2026-07-07,,,False
2026-07-02,BINHO.IS,rsi_agent,BEKLE,0.0,0.3,0.2,2026-07-07,,,False
2026-07-02,BINHO.IS,macd_agent,BEKLE,0.15,0.35,0.2,2026-07-07,,,False
2026-07-02,BINHO.IS,volume_agent,BEKLE,-0.1,0.3,0.15,2026-07-07,,,False
2026-07-02,BINHO.IS,pattern_agent,BEKLE,0.0,0.25,0.2,2026-07-07,,,False
2026-07-02,SAHOL.IS,trend_agent,BEKLE,0.3,0.4,0.25,2026-07-07,,,False
2026-07-02,SAHOL.IS,rsi_agent,BEKLE,0.2,0.4,0.2,2026-07-07,,,False
2026-07-02,SAHOL.IS,macd_agent,BEKLE,-0.45,0.5,0.2,2026-07-07,,,False
2026-07-02,SAHOL.IS,volume_agent,BEKLE,-0.1,0.3,0.15,2026-07-07,,,False
2026-07-02,SAHOL.IS,pattern_agent,BEKLE,0.0,0.25,0.2,2026-07-07,,,False
2026-07-02,KATMR.IS,trend_agent,BEKLE,-0.2,0.3,0.25,2026-07-07,,,False
2026-07-02,KATMR.IS,rsi_agent,BEKLE,0.2,0.4,0.2,2026-07-07,,,False
2026-07-02,KATMR.IS,macd_agent,BEKLE,0.15,0.35,0.2,2026-07-07,,,False
2026-07-02,KATMR.IS,volume_agent,BEKLE,-0.1,0.3,0.15,2026-07-07,,,False
2026-07-02,KATMR.IS,pattern_agent,BEKLE,0.15,0.4,0.2,2026-07-07,,,False
2026-07-02,ENKAI.IS,trend_agent,AL,0.8,0.7751003179624392,0.25,2026-07-07,,,False
2026-07-02,ENKAI.IS,rsi_agent,BEKLE,0.0,0.3,0.2,2026-07-07,,,False
2026-07-02,ENKAI.IS,macd_agent,BEKLE,0.45,0.5,0.2,2026-07-07,,,False
2026-07-02,ENKAI.IS,volume_agent,BEKLE,-0.1,0.3,0.15,2026-07-07,,,False
2026-07-02,ENKAI.IS,pattern_agent,BEKLE,0.15,0.4,0.2,2026-07-07,,,False
2026-07-02,EREGL.IS,trend_agent,AL,0.8,0.4831458457725739,0.25,2026-07-07,,,False
2026-07-02,EREGL.IS,rsi_agent,BEKLE,0.2,0.4,0.2,2026-07-07,,,False
2026-07-02,EREGL.IS,macd_agent,BEKLE,-0.45,0.5,0.2,2026-07-07,,,False
2026-07-02,EREGL.IS,volume_agent,BEKLE,0.1,0.3,0.15,2026-07-07,,,False
2026-07-02,EREGL.IS,pattern_agent,BEKLE,0.0,0.25,0.2,2026-07-07,,,False
2026-07-02,PGSUS.IS,trend_agent,BEKLE,-0.2,0.3,0.25,2026-07-07,,,False
2026-07-02,PGSUS.IS,rsi_agent,BEKLE,0.2,0.4,0.2,2026-07-07,,,False
2026-07-02,PGSUS.IS,macd_agent,BEKLE,-0.45,0.5,0.2,2026-07-07,,,False
2026-07-02,PGSUS.IS,volume_agent,BEKLE,-0.1,0.3,0.15,2026-07-07,,,False
2026-07-02,PGSUS.IS,pattern_agent,BEKLE,0.0,0.25,0.2,2026-07-07,,,False
2026-07-02,ARCLK.IS,trend_agent,SAT,-0.7,0.4087302227365301,0.25,2026-07-07,,,False
2026-07-02,ARCLK.IS,rsi_agent,BEKLE,0.0,0.3,0.2,2026-07-07,,,False
2026-07-02,ARCLK.IS,macd_agent,BEKLE,-0.45,0.5,0.2,2026-07-07,,,False
2026-07-02,ARCLK.IS,volume_agent,BEKLE,0.0,0.3,0.15,2026-07-07,,,False
2026-07-02,ARCLK.IS,pattern_agent,BEKLE,0.0,0.25,0.2,2026-07-07,,,False
2026-07-02,TTKOM.IS,trend_agent,BEKLE,0.3,0.4,0.25,2026-07-07,,,False
2026-07-02,TTKOM.IS,rsi_agent,BEKLE,0.0,0.3,0.2,2026-07-07,,,False
2026-07-02,TTKOM.IS,macd_agent,BEKLE,-0.45,0.5,0.2,2026-07-07,,,False
2026-07-02,TTKOM.IS,volume_agent,BEKLE,-0.1,0.3,0.15,2026-07-07,,,False
2026-07-02,TTKOM.IS,pattern_agent,BEKLE,0.0,0.25,0.2,2026-07-07,,,False
2026-07-02,ULKER.IS,trend_agent,AL,0.8,1.0,0.25,2026-07-07,,,False
2026-07-02,ULKER.IS,rsi_agent,BEKLE,0.4,0.5,0.2,2026-07-07,,,False
2026-07-02,ULKER.IS,macd_agent,BEKLE,-0.45,0.5,0.2,2026-07-07,,,False
2026-07-02,ULKER.IS,volume_agent,BEKLE,-0.1,0.3,0.15,2026-07-07,,,False
2026-07-02,ULKER.IS,pattern_agent,BEKLE,0.0,0.25,0.2,2026-07-07,,,False
2026-07-02,TABGD.IS,trend_agent,AL,0.8,0.522655965187557,0.25,2026-07-07,,,False
2026-07-02,TABGD.IS,rsi_agent,BEKLE,0.4,0.5,0.2,2026-07-07,,,False
2026-07-02,TABGD.IS,macd_agent,BEKLE,-0.1,0.3,0.2,2026-07-07,,,False
2026-07-02,TABGD.IS,volume_agent,SAT,-0.6,0.5393779887973408,0.15,2026-07-07,,,False
2026-07-02,TABGD.IS,pattern_agent,BEKLE,0.0,0.25,0.2,2026-07-07,,,False
2026-07-02,ASELS.IS,trend_agent,BEKLE,0.3,0.4,0.25,2026-07-07,,,False
2026-07-02,ASELS.IS,rsi_agent,BEKLE,0.2,0.4,0.2,2026-07-07,,,False
2026-07-02,ASELS.IS,macd_agent,BEKLE,-0.1,0.3,0.2,2026-07-07,,,False
2026-07-02,ASELS.IS,volume_agent,AL,0.7,0.5614828115880842,0.15,2026-07-07,,,False
2026-07-02,ASELS.IS,pattern_agent,BEKLE,0.0,0.25,0.2,2026-07-07,,,False
2026-07-02,KBORU.IS,trend_agent,BEKLE,0.3,0.4,0.25,2026-07-07,,,False
2026-07-02,KBORU.IS,rsi_agent,BEKLE,0.0,0.3,0.2,2026-07-07,,,False
2026-07-02,KBORU.IS,macd_agent,BEKLE,0.15,0.35,0.2,2026-07-07,,,False
2026-07-02,KBORU.IS,volume_agent,BEKLE,-0.1,0.3,0.15,2026-07-07,,,False
2026-07-02,KBORU.IS,pattern_agent,BEKLE,0.0,0.25,0.2,2026-07-07,,,False
2026-07-02,YKBNK.IS,trend_agent,AL,0.8,0.4246317225030877,0.25,2026-07-07,,,False
2026-07-02,YKBNK.IS,rsi_agent,BEKLE,0.2,0.4,0.2,2026-07-07,,,False
2026-07-02,YKBNK.IS,macd_agent,BEKLE,-0.45,0.5,0.2,2026-07-07,,,False
2026-07-02,YKBNK.IS,volume_agent,BEKLE,-0.1,0.3,0.15,2026-07-07,,,False
2026-07-02,YKBNK.IS,pattern_agent,BEKLE,0.0,0.25,0.2,2026-07-07,,,False
2026-07-02,FROTO.IS,trend_agent,SAT,-0.7,0.619789060631064,0.25,2026-07-07,,,False
2026-07-02,FROTO.IS,rsi_agent,BEKLE,0.0,0.3,0.2,2026-07-07,,,False
2026-07-02,FROTO.IS,macd_agent,BEKLE,-0.45,0.5,0.2,2026-07-07,,,False
2026-07-02,FROTO.IS,volume_agent,BEKLE,-0.1,0.3,0.15,2026-07-07,,,False
2026-07-02,FROTO.IS,pattern_agent,BEKLE,-0.4,0.45,0.2,2026-07-07,,,False
2026-07-02,ENERY.IS,trend_agent,SAT,-0.7,0.8408701758241035,0.25,2026-07-07,,,False
2026-07-02,ENERY.IS,rsi_agent,SAT,-0.6,0.65,0.2,2026-07-07,,,False
2026-07-02,ENERY.IS,macd_agent,BEKLE,0.15,0.35,0.2,2026-07-07,,,False
2026-07-02,ENERY.IS,volume_agent,SAT,-0.6,0.8225690231246067,0.15,2026-07-07,,,False
2026-07-02,ENERY.IS,pattern_agent,BEKLE,-0.4,0.45,0.2,2026-07-07,,,False
2026-07-02,ISCTR.IS,trend_agent,BEKLE,0.3,0.4,0.25,2026-07-07,,,False
2026-07-02,ISCTR.IS,rsi_agent,BEKLE,0.2,0.4,0.2,2026-07-07,,,False
2026-07-02,ISCTR.IS,macd_agent,BEKLE,-0.45,0.5,0.2,2026-07-07,,,False
2026-07-02,ISCTR.IS,volume_agent,BEKLE,-0.1,0.3,0.15,2026-07-07,,,False
2026-07-02,ISCTR.IS,pattern_agent,BEKLE,0.0,0.25,0.2,2026-07-07,,,False
2026-07-02,IZFAS.IS,trend_agent,AL,0.8,0.4973557054867731,0.25,2026-07-07,,,False
2026-07-02,IZFAS.IS,rsi_agent,BEKLE,0.0,0.3,0.2,2026-07-07,,,False
2026-07-02,IZFAS.IS,macd_agent,BEKLE,0.45,0.5,0.2,2026-07-07,,,False
2026-07-02,IZFAS.IS,volume_agent,BEKLE,0.0,0.3,0.15,2026-07-07,,,False
2026-07-02,IZFAS.IS,pattern_agent,BEKLE,0.0,0.25,0.2,2026-07-07,,,False
2026-07-02,PAPIL.IS,trend_agent,SAT,-0.7,0.4710490784372549,0.25,2026-07-07,,,False
2026-07-02,PAPIL.IS,rsi_agent,BEKLE,0.2,0.4,0.2,2026-07-07,,,False
2026-07-02,PAPIL.IS,macd_agent,BEKLE,0.15,0.35,0.2,2026-07-07,,,False
2026-07-02,PAPIL.IS,volume_agent,SAT,-0.6,0.5102515568432343,0.15,2026-07-07,,,False
2026-07-02,PAPIL.IS,pattern_agent,BEKLE,0.0,0.25,0.2,2026-07-07,,,False
2026-07-02,TUPRS.IS,trend_agent,AL,0.8,0.439348714278438,0.25,2026-07-07,,,False
2026-07-02,TUPRS.IS,rsi_agent,BEKLE,0.2,0.4,0.2,2026-07-07,,,False
2026-07-02,TUPRS.IS,macd_agent,BEKLE,0.45,0.5,0.2,2026-07-07,,,False
2026-07-02,TUPRS.IS,volume_agent,BEKLE,0.1,0.3,0.15,2026-07-07,,,False
2026-07-02,TUPRS.IS,pattern_agent,BEKLE,0.0,0.25,0.2,2026-07-07,,,False
2026-07-02,MANAS.IS,trend_agent,AL,0.8,0.5160787207684935,0.25,2026-07-07,,,False
2026-07-02,MANAS.IS,rsi_agent,BEKLE,0.0,0.3,0.2,2026-07-07,,,False
2026-07-02,MANAS.IS,macd_agent,BEKLE,0.15,0.35,0.2,2026-07-07,,,False
2026-07-02,MANAS.IS,volume_agent,SAT,-0.6,0.597086016000485,0.15,2026-07-07,,,False
2026-07-02,MANAS.IS,pattern_agent,BEKLE,0.15,0.4,0.2,2026-07-07,,,False
2026-07-02,VESTL.IS,trend_agent,SAT,-0.7,0.5288447726756828,0.25,2026-07-07,,,False
2026-07-02,VESTL.IS,rsi_agent,BEKLE,0.2,0.4,0.2,2026-07-07,,,False
2026-07-02,VESTL.IS,macd_agent,BEKLE,0.15,0.35,0.2,2026-07-07,,,False
2026-07-02,VESTL.IS,volume_agent,BEKLE,-0.1,0.3,0.15,2026-07-07,,,False
2026-07-02,VESTL.IS,pattern_agent,BEKLE,0.0,0.25,0.2,2026-07-07,,,False
2026-07-02,CIMSA.IS,trend_agent,BEKLE,0.3,0.4,0.25,2026-07-07,,,False
2026-07-02,CIMSA.IS,rsi_agent,BEKLE,0.0,0.3,0.2,2026-07-07,,,False
2026-07-02,CIMSA.IS,macd_agent,BEKLE,-0.45,0.5,0.2,2026-07-07,,,False
2026-07-02,CIMSA.IS,volume_agent,BEKLE,-0.1,0.3,0.15,2026-07-07,,,False
2026-07-02,CIMSA.IS,pattern_agent,BEKLE,0.0,0.25,0.2,2026-07-07,,,False
2026-07-02,TEHOL.IS,trend_agent,AL,0.8,1.0,0.25,2026-07-07,,,False
2026-07-02,TEHOL.IS,rsi_agent,BEKLE,-0.3,0.4,0.2,2026-07-07,,,False
2026-07-02,TEHOL.IS,macd_agent,BEKLE,0.15,0.35,0.2,2026-07-07,,,False
2026-07-02,TEHOL.IS,volume_agent,BEKLE,0.0,0.3,0.15,2026-07-07,,,False
2026-07-02,TEHOL.IS,pattern_agent,AL,0.6,0.6,0.2,2026-07-07,,,False
2026-07-02,KRDMA.IS,trend_agent,BEKLE,0.3,0.4,0.25,2026-07-07,,,False
2026-07-02,KRDMA.IS,rsi_agent,BEKLE,0.2,0.4,0.2,2026-07-07,,,False
2026-07-02,KRDMA.IS,macd_agent,BEKLE,-0.1,0.3,0.2,2026-07-07,,,False
2026-07-02,KRDMA.IS,volume_agent,BEKLE,-0.1,0.3,0.15,2026-07-07,,,False
2026-07-02,KRDMA.IS,pattern_agent,BEKLE,0.15,0.4,0.2,2026-07-07,,,False
2026-07-02,PEKGY.IS,trend_agent,BEKLE,0.3,0.4,0.25,2026-07-07,,,False
2026-07-02,PEKGY.IS,rsi_agent,BEKLE,0.0,0.3,0.2,2026-07-07,,,False
2026-07-02,PEKGY.IS,macd_agent,BEKLE,0.15,0.35,0.2,2026-07-07,,,False
2026-07-02,PEKGY.IS,volume_agent,BEKLE,0.1,0.3,0.15,2026-07-07,,,False
2026-07-02,PEKGY.IS,pattern_agent,BEKLE,0.2,0.35,0.2,2026-07-07,,,False
2026-07-02,TCKRC.IS,trend_agent,AL,0.8,0.445863757208499,0.25,2026-07-07,,,False
2026-07-02,TCKRC.IS,rsi_agent,BEKLE,0.0,0.3,0.2,2026-07-07,,,False
2026-07-02,TCKRC.IS,macd_agent,SAT,-0.75,0.7,0.2,2026-07-07,,,False
2026-07-02,TCKRC.IS,volume_agent,BEKLE,-0.1,0.3,0.15,2026-07-07,,,False
2026-07-02,TCKRC.IS,pattern_agent,BEKLE,-0.4,0.45,0.2,2026-07-07,,,False
2026-07-02,GARAN.IS,trend_agent,SAT,-0.7,0.4476585824662581,0.25,2026-07-07,,,False
2026-07-02,GARAN.IS,rsi_agent,BEKLE,0.2,0.4,0.2,2026-07-07,,,False
2026-07-02,GARAN.IS,macd_agent,BEKLE,-0.45,0.5,0.2,2026-07-07,,,False
2026-07-02,GARAN.IS,volume_agent,BEKLE,-0.1,0.3,0.15,2026-07-07,,,False
2026-07-02,GARAN.IS,pattern_agent,BEKLE,0.0,0.25,0.2,2026-07-07,,,False
2026-07-02,VAKBN.IS,trend_agent,BEKLE,0.3,0.4,0.25,2026-07-07,,,False
2026-07-02,VAKBN.IS,rsi_agent,BEKLE,0.2,0.4,0.2,2026-07-07,,,False
2026-07-02,VAKBN.IS,macd_agent,BEKLE,-0.1,0.3,0.2,2026-07-07,,,False
2026-07-02,VAKBN.IS,volume_agent,BEKLE,0.1,0.3,0.15,2026-07-07,,,False
2026-07-02,VAKBN.IS,pattern_agent,BEKLE,0.0,0.25,0.2,2026-07-07,,,False
2026-07-02,BIOEN.IS,trend_agent,SAT,-0.7,0.4525282493007069,0.25,2026-07-07,,,False
2026-07-02,BIOEN.IS,rsi_agent,BEKLE,0.2,0.4,0.2,2026-07-07,,,False
2026-07-02,BIOEN.IS,macd_agent,BEKLE,0.15,0.35,0.2,2026-07-07,,,False
2026-07-02,BIOEN.IS,volume_agent,BEKLE,0.1,0.3,0.15,2026-07-07,,,False
2026-07-02,BIOEN.IS,pattern_agent,BEKLE,0.15,0.4,0.2,2026-07-07,,,False
2026-07-02,SOKM.IS,trend_agent,SAT,-0.7,0.4362646524381156,0.25,2026-07-07,,,False
2026-07-02,SOKM.IS,rsi_agent,BEKLE,0.0,0.3,0.2,2026-07-07,,,False
2026-07-02,SOKM.IS,macd_agent,BEKLE,-0.45,0.5,0.2,2026-07-07,,,False
2026-07-02,SOKM.IS,volume_agent,BEKLE,-0.1,0.3,0.15,2026-07-07,,,False
2026-07-02,SOKM.IS,pattern_agent,BEKLE,-0.4,0.45,0.2,2026-07-07,,,False
2026-07-02,KUYAS.IS,trend_agent,AL,0.8,0.553305611871379,0.25,2026-07-07,,,False
2026-07-02,KUYAS.IS,rsi_agent,BEKLE,0.2,0.4,0.2,2026-07-07,,,False
2026-07-02,KUYAS.IS,macd_agent,BEKLE,0.45,0.5,0.2,2026-07-07,,,False
2026-07-02,KUYAS.IS,volume_agent,BEKLE,0.1,0.3,0.15,2026-07-07,,,False
2026-07-02,KUYAS.IS,pattern_agent,BEKLE,0.15,0.4,0.2,2026-07-07,,,False
2026-07-02,TAVHL.IS,trend_agent,SAT,-0.7,0.5020904269411163,0.25,2026-07-07,,,False
2026-07-02,TAVHL.IS,rsi_agent,BEKLE,0.2,0.4,0.2,2026-07-07,,,False
2026-07-02,TAVHL.IS,macd_agent,BEKLE,-0.45,0.5,0.2,2026-07-07,,,False
2026-07-02,TAVHL.IS,volume_agent,BEKLE,0.0,0.3,0.15,2026-07-07,,,False
2026-07-02,TAVHL.IS,pattern_agent,BEKLE,-0.4,0.45,0.2,2026-07-07,,,False
2026-07-02,AEFES.IS,trend_agent,BEKLE,0.3,0.4,0.25,2026-07-07,,,False
2026-07-02,AEFES.IS,rsi_agent,BEKLE,0.2,0.4,0.2,2026-07-07,,,False
2026-07-02,AEFES.IS,macd_agent,BEKLE,-0.45,0.5,0.2,2026-07-07,,,False
2026-07-02,AEFES.IS,volume_agent,BEKLE,-0.1,0.3,0.15,2026-07-07,,,False
2026-07-02,AEFES.IS,pattern_agent,BEKLE,0.15,0.4,0.2,2026-07-07,,,False
2026-07-02,THYAO.IS,trend_agent,AL,0.8,0.5338985785188689,0.25,2026-07-07,,,False
2026-07-02,THYAO.IS,rsi_agent,BEKLE,0.0,0.3,0.2,2026-07-07,,,False
2026-07-02,THYAO.IS,macd_agent,BEKLE,0.45,0.5,0.2,2026-07-07,,,False
2026-07-02,THYAO.IS,volume_agent,AL,0.7,0.5082235305738364,0.15,2026-07-07,,,False
2026-07-02,THYAO.IS,pattern_agent,BEKLE,0.0,0.25,0.2,2026-07-07,,,False
2026-07-02,CCOLA.IS,trend_agent,BEKLE,0.3,0.4,0.25,2026-07-07,,,False
2026-07-02,CCOLA.IS,rsi_agent,BEKLE,0.2,0.4,0.2,2026-07-07,,,False
2026-07-02,CCOLA.IS,macd_agent,BEKLE,0.45,0.5,0.2,2026-07-07,,,False
2026-07-02,CCOLA.IS,volume_agent,BEKLE,0.0,0.3,0.15,2026-07-07,,,False
2026-07-02,CCOLA.IS,pattern_agent,BEKLE,0.0,0.25,0.2,2026-07-07,,,False
2026-07-02,GRSEL.IS,trend_agent,BEKLE,-0.2,0.3,0.25,2026-07-07,,,False
2026-07-02,GRSEL.IS,rsi_agent,BEKLE,0.2,0.4,0.2,2026-07-07,,,False
2026-07-02,GRSEL.IS,macd_agent,BEKLE,-0.1,0.3,0.2,2026-07-07,,,False
2026-07-02,GRSEL.IS,volume_agent,BEKLE,-0.1,0.3,0.15,2026-07-07,,,False
2026-07-02,GRSEL.IS,pattern_agent,BEKLE,0.15,0.4,0.2,2026-07-07,,,False
2026-07-03,SASA.IS,trend_agent,BEKLE,-0.2,0.3,0.25,2026-07-08,,,False
2026-07-03,SASA.IS,rsi_agent,BEKLE,0.0,0.3,0.2,2026-07-08,,,False
2026-07-03,SASA.IS,macd_agent,BEKLE,-0.1,0.3,0.2,2026-07-08,,,False
2026-07-03,SASA.IS,volume_agent,SAT,-0.6,0.9381205349236542,0.15,2026-07-08,,,False
2026-07-03,SASA.IS,pattern_agent,BEKLE,0.0,0.25,0.2,2026-07-08,,,False
2026-07-03,OTKAR.IS,trend_agent,BEKLE,-0.2,0.3,0.25,2026-07-08,,,False
2026-07-03,OTKAR.IS,rsi_agent,BEKLE,0.0,0.3,0.2,2026-07-08,,,False
2026-07-03,OTKAR.IS,macd_agent,BEKLE,0.45,0.5,0.2,2026-07-08,,,False
2026-07-03,OTKAR.IS,volume_agent,BEKLE,0.1,0.3,0.15,2026-07-08,,,False
2026-07-03,OTKAR.IS,pattern_agent,AL,0.6,0.6,0.2,2026-07-08,,,False
2026-07-03,IEYHO.IS,trend_agent,AL,0.8,1.0,0.25,2026-07-08,,,False
2026-07-03,IEYHO.IS,rsi_agent,BEKLE,-0.4723320624709485,0.5378656499767589,0.2,2026-07-08,,,False
2026-07-03,IEYHO.IS,macd_agent,BEKLE,0.15,0.35,0.2,2026-07-08,,,False
2026-07-03,IEYHO.IS,volume_agent,BEKLE,-0.1,0.3,0.15,2026-07-08,,,False
2026-07-03,IEYHO.IS,pattern_agent,BEKLE,0.0,0.25,0.2,2026-07-08,,,False
2026-07-03,ALTNY.IS,trend_agent,BEKLE,0.3,0.4,0.25,2026-07-08,,,False
2026-07-03,ALTNY.IS,rsi_agent,BEKLE,0.0,0.3,0.2,2026-07-08,,,False
2026-07-03,ALTNY.IS,macd_agent,BEKLE,0.45,0.5,0.2,2026-07-08,,,False
2026-07-03,ALTNY.IS,volume_agent,BEKLE,0.1,0.3,0.15,2026-07-08,,,False
2026-07-03,ALTNY.IS,pattern_agent,BEKLE,0.0,0.25,0.2,2026-07-08,,,False
2026-07-03,TCELL.IS,trend_agent,BEKLE,0.3,0.4,0.25,2026-07-08,,,False
2026-07-03,TCELL.IS,rsi_agent,BEKLE,0.0,0.3,0.2,2026-07-08,,,False
2026-07-03,TCELL.IS,macd_agent,BEKLE,-0.45,0.5,0.2,2026-07-08,,,False
2026-07-03,TCELL.IS,volume_agent,BEKLE,-0.1,0.3,0.15,2026-07-08,,,False
2026-07-03,TCELL.IS,pattern_agent,BEKLE,-0.4,0.45,0.2,2026-07-08,,,False
2026-07-03,KCHOL.IS,trend_agent,BEKLE,0.3,0.4,0.25,2026-07-08,,,False
2026-07-03,KCHOL.IS,rsi_agent,BEKLE,0.0,0.3,0.2,2026-07-08,,,False
2026-07-03,KCHOL.IS,macd_agent,BEKLE,-0.45,0.5,0.2,2026-07-08,,,False
2026-07-03,KCHOL.IS,volume_agent,BEKLE,-0.1,0.3,0.15,2026-07-08,,,False
2026-07-03,KCHOL.IS,pattern_agent,BEKLE,-0.4,0.45,0.2,2026-07-08,,,False
2026-07-03,MGROS.IS,trend_agent,BEKLE,0.3,0.4,0.25,2026-07-08,,,False
2026-07-03,MGROS.IS,rsi_agent,BEKLE,0.0,0.3,0.2,2026-07-08,,,False
2026-07-03,MGROS.IS,macd_agent,BEKLE,-0.45,0.5,0.2,2026-07-08,,,False
2026-07-03,MGROS.IS,volume_agent,BEKLE,-0.1,0.3,0.15,2026-07-08,,,False
2026-07-03,MGROS.IS,pattern_agent,BEKLE,0.0,0.25,0.2,2026-07-08,,,False
2026-07-03,SISE.IS,trend_agent,BEKLE,0.3,0.4,0.25,2026-07-08,,,False
2026-07-03,SISE.IS,rsi_agent,BEKLE,0.2,0.4,0.2,2026-07-08,,,False
2026-07-03,SISE.IS,macd_agent,BEKLE,-0.45,0.5,0.2,2026-07-08,,,False
2026-07-03,SISE.IS,volume_agent,BEKLE,-0.1,0.3,0.15,2026-07-08,,,False
2026-07-03,SISE.IS,pattern_agent,BEKLE,0.15,0.4,0.2,2026-07-08,,,False
2026-07-03,TOASO.IS,trend_agent,BEKLE,0.3,0.4,0.25,2026-07-08,,,False
2026-07-03,TOASO.IS,rsi_agent,BEKLE,0.0,0.3,0.2,2026-07-08,,,False
2026-07-03,TOASO.IS,macd_agent,BEKLE,-0.45,0.5,0.2,2026-07-08,,,False
2026-07-03,TOASO.IS,volume_agent,BEKLE,-0.1,0.3,0.15,2026-07-08,,,False
2026-07-03,TOASO.IS,pattern_agent,BEKLE,-0.4,0.45,0.2,2026-07-08,,,False
2026-07-03,SKBNK.IS,trend_agent,AL,0.8,0.6714250956126828,0.25,2026-07-08,,,False
2026-07-03,SKBNK.IS,rsi_agent,BEKLE,0.0,0.3,0.2,2026-07-08,,,False
2026-07-03,SKBNK.IS,macd_agent,BEKLE,0.45,0.5,0.2,2026-07-08,,,False
2026-07-03,SKBNK.IS,volume_agent,BEKLE,0.1,0.3,0.15,2026-07-08,,,False
2026-07-03,SKBNK.IS,pattern_agent,BEKLE,0.2,0.35,0.2,2026-07-08,,,False
2026-07-03,KRDMD.IS,trend_agent,BEKLE,0.3,0.4,0.25,2026-07-08,,,False
2026-07-03,KRDMD.IS,rsi_agent,BEKLE,0.2,0.4,0.2,2026-07-08,,,False
2026-07-03,KRDMD.IS,macd_agent,BEKLE,-0.45,0.5,0.2,2026-07-08,,,False
2026-07-03,KRDMD.IS,volume_agent,BEKLE,-0.1,0.3,0.15,2026-07-08,,,False
2026-07-03,KRDMD.IS,pattern_agent,BEKLE,0.15,0.4,0.2,2026-07-08,,,False
2026-07-03,BIMAS.IS,trend_agent,BEKLE,0.3,0.4,0.25,2026-07-08,,,False
2026-07-03,BIMAS.IS,rsi_agent,BEKLE,0.0,0.3,0.2,2026-07-08,,,False
2026-07-03,BIMAS.IS,macd_agent,BEKLE,-0.45,0.5,0.2,2026-07-08,,,False
2026-07-03,BIMAS.IS,volume_agent,BEKLE,-0.1,0.3,0.15,2026-07-08,,,False
2026-07-03,BIMAS.IS,pattern_agent,BEKLE,0.0,0.25,0.2,2026-07-08,,,False
2026-07-03,BINHO.IS,trend_agent,SAT,-0.7,0.6333935176829076,0.25,2026-07-08,,,False
2026-07-03,BINHO.IS,rsi_agent,BEKLE,0.0,0.3,0.2,2026-07-08,,,False
2026-07-03,BINHO.IS,macd_agent,BEKLE,0.15,0.35,0.2,2026-07-08,,,False
2026-07-03,BINHO.IS,volume_agent,BEKLE,0.1,0.3,0.15,2026-07-08,,,False
2026-07-03,BINHO.IS,pattern_agent,BEKLE,0.0,0.25,0.2,2026-07-08,,,False
2026-07-03,SAHOL.IS,trend_agent,BEKLE,0.3,0.4,0.25,2026-07-08,,,False
2026-07-03,SAHOL.IS,rsi_agent,BEKLE,0.2,0.4,0.2,2026-07-08,,,False
2026-07-03,SAHOL.IS,macd_agent,BEKLE,-0.45,0.5,0.2,2026-07-08,,,False
2026-07-03,SAHOL.IS,volume_agent,BEKLE,-0.1,0.3,0.15,2026-07-08,,,False
2026-07-03,SAHOL.IS,pattern_agent,BEKLE,-0.4,0.45,0.2,2026-07-08,,,False
2026-07-03,KATMR.IS,trend_agent,BEKLE,-0.2,0.3,0.25,2026-07-08,,,False
2026-07-03,KATMR.IS,rsi_agent,BEKLE,0.2,0.4,0.2,2026-07-08,,,False
2026-07-03,KATMR.IS,macd_agent,BEKLE,0.15,0.35,0.2,2026-07-08,,,False
2026-07-03,KATMR.IS,volume_agent,BEKLE,0.0,0.3,0.15,2026-07-08,,,False
2026-07-03,KATMR.IS,pattern_agent,BEKLE,0.15,0.4,0.2,2026-07-08,,,False
2026-07-03,ENKAI.IS,trend_agent,AL,0.8,0.73296063313228,0.25,2026-07-08,,,False
2026-07-03,ENKAI.IS,rsi_agent,BEKLE,0.2,0.4,0.2,2026-07-08,,,False
2026-07-03,ENKAI.IS,macd_agent,BEKLE,0.45,0.5,0.2,2026-07-08,,,False
2026-07-03,ENKAI.IS,volume_agent,BEKLE,0.1,0.3,0.15,2026-07-08,,,False
2026-07-03,ENKAI.IS,pattern_agent,BEKLE,0.15,0.4,0.2,2026-07-08,,,False
2026-07-03,EREGL.IS,trend_agent,BEKLE,0.3,0.4,0.25,2026-07-08,,,False
2026-07-03,EREGL.IS,rsi_agent,BEKLE,0.2,0.4,0.2,2026-07-08,,,False
2026-07-03,EREGL.IS,macd_agent,BEKLE,-0.45,0.5,0.2,2026-07-08,,,False
2026-07-03,EREGL.IS,volume_agent,BEKLE,-0.1,0.3,0.15,2026-07-08,,,False
2026-07-03,EREGL.IS,pattern_agent,BEKLE,-0.4,0.45,0.2,2026-07-08,,,False
2026-07-03,PGSUS.IS,trend_agent,BEKLE,-0.2,0.3,0.25,2026-07-08,,,False
2026-07-03,PGSUS.IS,rsi_agent,BEKLE,0.2,0.4,0.2,2026-07-08,,,False
2026-07-03,PGSUS.IS,macd_agent,BEKLE,-0.45,0.5,0.2,2026-07-08,,,False
2026-07-03,PGSUS.IS,volume_agent,BEKLE,-0.1,0.3,0.15,2026-07-08,,,False
2026-07-03,PGSUS.IS,pattern_agent,BEKLE,-0.4,0.45,0.2,2026-07-08,,,False
2026-07-03,ARCLK.IS,trend_agent,BEKLE,-0.2,0.3,0.25,2026-07-08,,,False
2026-07-03,ARCLK.IS,rsi_agent,BEKLE,0.0,0.3,0.2,2026-07-08,,,False
2026-07-03,ARCLK.IS,macd_agent,BEKLE,-0.1,0.3,0.2,2026-07-08,,,False
2026-07-03,ARCLK.IS,volume_agent,BEKLE,0.0,0.3,0.15,2026-07-08,,,False
2026-07-03,ARCLK.IS,pattern_agent,BEKLE,0.0,0.25,0.2,2026-07-08,,,False
2026-07-03,TTKOM.IS,trend_agent,BEKLE,0.3,0.4,0.25,2026-07-08,,,False
2026-07-03,TTKOM.IS,rsi_agent,BEKLE,0.2,0.4,0.2,2026-07-08,,,False
2026-07-03,TTKOM.IS,macd_agent,BEKLE,-0.1,0.3,0.2,2026-07-08,,,False
2026-07-03,TTKOM.IS,volume_agent,BEKLE,0.1,0.3,0.15,2026-07-08,,,False
2026-07-03,TTKOM.IS,pattern_agent,BEKLE,0.0,0.25,0.2,2026-07-08,,,False
2026-07-03,ULKER.IS,trend_agent,AL,0.8,1.0,0.25,2026-07-08,,,False
2026-07-03,ULKER.IS,rsi_agent,BEKLE,0.0,0.3,0.2,2026-07-08,,,False
2026-07-03,ULKER.IS,macd_agent,BEKLE,-0.1,0.3,0.2,2026-07-08,,,False
2026-07-03,ULKER.IS,volume_agent,BEKLE,0.1,0.3,0.15,2026-07-08,,,False
2026-07-03,ULKER.IS,pattern_agent,BEKLE,0.0,0.25,0.2,2026-07-08,,,False
2026-07-03,TABGD.IS,trend_agent,BEKLE,0.3,0.4,0.25,2026-07-08,,,False
2026-07-03,TABGD.IS,rsi_agent,BEKLE,0.0,0.3,0.2,2026-07-08,,,False
2026-07-03,TABGD.IS,macd_agent,BEKLE,-0.1,0.3,0.2,2026-07-08,,,False
2026-07-03,TABGD.IS,volume_agent,AL,0.7,0.6172704070172889,0.15,2026-07-08,,,False
2026-07-03,TABGD.IS,pattern_agent,BEKLE,0.0,0.25,0.2,2026-07-08,,,False
2026-07-03,ASELS.IS,trend_agent,BEKLE,0.3,0.4,0.25,2026-07-08,,,False
2026-07-03,ASELS.IS,rsi_agent,BEKLE,0.2,0.4,0.2,2026-07-08,,,False
2026-07-03,ASELS.IS,macd_agent,AL,0.75,0.7,0.2,2026-07-08,,,False
2026-07-03,ASELS.IS,volume_agent,BEKLE,0.1,0.3,0.15,2026-07-08,,,False
2026-07-03,ASELS.IS,pattern_agent,BEKLE,0.0,0.25,0.2,2026-07-08,,,False
2026-07-03,KBORU.IS,trend_agent,BEKLE,0.3,0.4,0.25,2026-07-08,,,False
2026-07-03,KBORU.IS,rsi_agent,BEKLE,0.0,0.3,0.2,2026-07-08,,,False
2026-07-03,KBORU.IS,macd_agent,BEKLE,0.15,0.35,0.2,2026-07-08,,,False
2026-07-03,KBORU.IS,volume_agent,BEKLE,-0.1,0.3,0.15,2026-07-08,,,False
2026-07-03,KBORU.IS,pattern_agent,BEKLE,0.0,0.25,0.2,2026-07-08,,,False
2026-07-03,YKBNK.IS,trend_agent,BEKLE,0.3,0.4,0.25,2026-07-08,,,False
2026-07-03,YKBNK.IS,rsi_agent,BEKLE,0.2,0.4,0.2,2026-07-08,,,False
2026-07-03,YKBNK.IS,macd_agent,BEKLE,-0.45,0.5,0.2,2026-07-08,,,False
2026-07-03,YKBNK.IS,volume_agent,BEKLE,-0.1,0.3,0.15,2026-07-08,,,False
2026-07-03,YKBNK.IS,pattern_agent,BEKLE,-0.4,0.45,0.2,2026-07-08,,,False
2026-07-03,FROTO.IS,trend_agent,SAT,-0.7,0.6361671512912079,0.25,2026-07-08,,,False
2026-07-03,FROTO.IS,rsi_agent,BEKLE,0.0,0.3,0.2,2026-07-08,,,False
2026-07-03,FROTO.IS,macd_agent,BEKLE,-0.1,0.3,0.2,2026-07-08,,,False
2026-07-03,FROTO.IS,volume_agent,BEKLE,0.0,0.3,0.15,2026-07-08,,,False
2026-07-03,FROTO.IS,pattern_agent,BEKLE,0.0,0.25,0.2,2026-07-08,,,False
2026-07-03,ENERY.IS,trend_agent,SAT,-0.7,0.8095604817091996,0.25,2026-07-08,,,False
2026-07-03,ENERY.IS,rsi_agent,BEKLE,0.2,0.4,0.2,2026-07-08,,,False
2026-07-03,ENERY.IS,macd_agent,BEKLE,0.15,0.35,0.2,2026-07-08,,,False
2026-07-03,ENERY.IS,volume_agent,BEKLE,-0.1,0.3,0.15,2026-07-08,,,False
2026-07-03,ENERY.IS,pattern_agent,BEKLE,0.0,0.25,0.2,2026-07-08,,,False
2026-07-03,ISCTR.IS,trend_agent,BEKLE,0.3,0.4,0.25,2026-07-08,,,False
2026-07-03,ISCTR.IS,rsi_agent,BEKLE,0.2,0.4,0.2,2026-07-08,,,False
2026-07-03,ISCTR.IS,macd_agent,BEKLE,-0.45,0.5,0.2,2026-07-08,,,False
2026-07-03,ISCTR.IS,volume_agent,BEKLE,-0.1,0.3,0.15,2026-07-08,,,False
2026-07-03,ISCTR.IS,pattern_agent,BEKLE,-0.4,0.45,0.2,2026-07-08,,,False
2026-07-03,IZFAS.IS,trend_agent,BEKLE,0.3,0.4,0.25,2026-07-08,,,False
2026-07-03,IZFAS.IS,rsi_agent,BEKLE,0.2,0.4,0.2,2026-07-08,,,False
2026-07-03,IZFAS.IS,macd_agent,BEKLE,0.15,0.35,0.2,2026-07-08,,,False
2026-07-03,IZFAS.IS,volume_agent,BEKLE,-0.1,0.3,0.15,2026-07-08,,,False
2026-07-03,IZFAS.IS,pattern_agent,BEKLE,0.0,0.25,0.2,2026-07-08,,,False
2026-07-03,PAPIL.IS,trend_agent,BEKLE,-0.2,0.3,0.25,2026-07-08,,,False
2026-07-03,PAPIL.IS,rsi_agent,BEKLE,0.2,0.4,0.2,2026-07-08,,,False
2026-07-03,PAPIL.IS,macd_agent,SAT,-0.75,0.7,0.2,2026-07-08,,,False
2026-07-03,PAPIL.IS,volume_agent,BEKLE,0.0,0.3,0.15,2026-07-08,,,False
2026-07-03,PAPIL.IS,pattern_agent,BEKLE,0.0,0.25,0.2,2026-07-08,,,False
2026-07-03,TUPRS.IS,trend_agent,BEKLE,0.3,0.4,0.25,2026-07-08,,,False
2026-07-03,TUPRS.IS,rsi_agent,BEKLE,0.0,0.3,0.2,2026-07-08,,,False
2026-07-03,TUPRS.IS,macd_agent,BEKLE,0.45,0.5,0.2,2026-07-08,,,False
2026-07-03,TUPRS.IS,volume_agent,BEKLE,0.1,0.3,0.15,2026-07-08,,,False
2026-07-03,TUPRS.IS,pattern_agent,AL,0.6,0.6,0.2,2026-07-08,,,False
2026-07-03,MANAS.IS,trend_agent,BEKLE,0.3,0.4,0.25,2026-07-08,,,False
2026-07-03,MANAS.IS,rsi_agent,BEKLE,0.0,0.3,0.2,2026-07-08,,,False
2026-07-03,MANAS.IS,macd_agent,BEKLE,0.15,0.35,0.2,2026-07-08,,,False
2026-07-03,MANAS.IS,volume_agent,BEKLE,0.0,0.3,0.15,2026-07-08,,,False
2026-07-03,MANAS.IS,pattern_agent,BEKLE,0.15,0.4,0.2,2026-07-08,,,False
2026-07-03,VESTL.IS,trend_agent,BEKLE,-0.2,0.3,0.25,2026-07-08,,,False
2026-07-03,VESTL.IS,rsi_agent,BEKLE,0.2,0.4,0.2,2026-07-08,,,False
2026-07-03,VESTL.IS,macd_agent,BEKLE,0.15,0.35,0.2,2026-07-08,,,False
2026-07-03,VESTL.IS,volume_agent,BEKLE,-0.1,0.3,0.15,2026-07-08,,,False
2026-07-03,VESTL.IS,pattern_agent,BEKLE,0.0,0.25,0.2,2026-07-08,,,False
2026-07-03,CIMSA.IS,trend_agent,BEKLE,0.3,0.4,0.25,2026-07-08,,,False
2026-07-03,CIMSA.IS,rsi_agent,BEKLE,0.0,0.3,0.2,2026-07-08,,,False
2026-07-03,CIMSA.IS,macd_agent,BEKLE,-0.1,0.3,0.2,2026-07-08,,,False
2026-07-03,CIMSA.IS,volume_agent,BEKLE,0.1,0.3,0.15,2026-07-08,,,False
2026-07-03,CIMSA.IS,pattern_agent,BEKLE,0.0,0.25,0.2,2026-07-08,,,False
2026-07-03,TEHOL.IS,trend_agent,AL,0.8,1.0,0.25,2026-07-08,,,False
2026-07-03,TEHOL.IS,rsi_agent,SAT,-0.5650906530179611,0.6120725224143689,0.2,2026-07-08,,,False
2026-07-03,TEHOL.IS,macd_agent,BEKLE,0.15,0.35,0.2,2026-07-08,,,False
2026-07-03,TEHOL.IS,volume_agent,BEKLE,0.1,0.3,0.15,2026-07-08,,,False
2026-07-03,TEHOL.IS,pattern_agent,BEKLE,0.2,0.35,0.2,2026-07-08,,,False
2026-07-03,KRDMA.IS,trend_agent,BEKLE,0.3,0.4,0.25,2026-07-08,,,False
2026-07-03,KRDMA.IS,rsi_agent,BEKLE,0.2,0.4,0.2,2026-07-08,,,False
2026-07-03,KRDMA.IS,macd_agent,BEKLE,-0.1,0.3,0.2,2026-07-08,,,False
2026-07-03,KRDMA.IS,volume_agent,BEKLE,0.0,0.3,0.15,2026-07-08,,,False
2026-07-03,KRDMA.IS,pattern_agent,BEKLE,0.15,0.4,0.2,2026-07-08,,,False
2026-07-03,PEKGY.IS,trend_agent,BEKLE,0.3,0.4,0.25,2026-07-08,,,False
2026-07-03,PEKGY.IS,rsi_agent,BEKLE,0.0,0.3,0.2,2026-07-08,,,False
2026-07-03,PEKGY.IS,macd_agent,BEKLE,0.15,0.35,0.2,2026-07-08,,,False
2026-07-03,PEKGY.IS,volume_agent,BEKLE,-0.1,0.3,0.15,2026-07-08,,,False
2026-07-03,PEKGY.IS,pattern_agent,BEKLE,0.0,0.25,0.2,2026-07-08,,,False
2026-07-03,TCKRC.IS,trend_agent,BEKLE,0.3,0.4,0.25,2026-07-08,,,False
2026-07-03,TCKRC.IS,rsi_agent,BEKLE,0.0,0.3,0.2,2026-07-08,,,False
2026-07-03,TCKRC.IS,macd_agent,BEKLE,-0.45,0.5,0.2,2026-07-08,,,False
2026-07-03,TCKRC.IS,volume_agent,BEKLE,-0.1,0.3,0.15,2026-07-08,,,False
2026-07-03,TCKRC.IS,pattern_agent,BEKLE,0.0,0.25,0.2,2026-07-08,,,False
2026-07-03,GARAN.IS,trend_agent,BEKLE,-0.2,0.3,0.25,2026-07-08,,,False
2026-07-03,GARAN.IS,rsi_agent,BEKLE,0.2,0.4,0.2,2026-07-08,,,False
2026-07-03,GARAN.IS,macd_agent,BEKLE,-0.45,0.5,0.2,2026-07-08,,,False
2026-07-03,GARAN.IS,volume_agent,BEKLE,-0.1,0.3,0.15,2026-07-08,,,False
2026-07-03,GARAN.IS,pattern_agent,BEKLE,-0.4,0.45,0.2,2026-07-08,,,False
2026-07-03,VAKBN.IS,trend_agent,BEKLE,0.3,0.4,0.25,2026-07-08,,,False
2026-07-03,VAKBN.IS,rsi_agent,BEKLE,0.0,0.3,0.2,2026-07-08,,,False
2026-07-03,VAKBN.IS,macd_agent,BEKLE,-0.45,0.5,0.2,2026-07-08,,,False
2026-07-03,VAKBN.IS,volume_agent,BEKLE,-0.1,0.3,0.15,2026-07-08,,,False
2026-07-03,VAKBN.IS,pattern_agent,BEKLE,-0.4,0.45,0.2,2026-07-08,,,False
2026-07-03,BIOEN.IS,trend_agent,BEKLE,-0.2,0.3,0.25,2026-07-08,,,False
2026-07-03,BIOEN.IS,rsi_agent,BEKLE,0.2,0.4,0.2,2026-07-08,,,False
2026-07-03,BIOEN.IS,macd_agent,BEKLE,0.15,0.35,0.2,2026-07-08,,,False
2026-07-03,BIOEN.IS,volume_agent,BEKLE,-0.1,0.3,0.15,2026-07-08,,,False
2026-07-03,BIOEN.IS,pattern_agent,BEKLE,0.15,0.4,0.2,2026-07-08,,,False
2026-07-03,SOKM.IS,trend_agent,BEKLE,-0.2,0.3,0.25,2026-07-08,,,False
2026-07-03,SOKM.IS,rsi_agent,BEKLE,0.0,0.3,0.2,2026-07-08,,,False
2026-07-03,SOKM.IS,macd_agent,BEKLE,-0.1,0.3,0.2,2026-07-08,,,False
2026-07-03,SOKM.IS,volume_agent,BEKLE,0.1,0.3,0.15,2026-07-08,,,False
2026-07-03,SOKM.IS,pattern_agent,BEKLE,0.0,0.25,0.2,2026-07-08,,,False
2026-07-03,KUYAS.IS,trend_agent,BEKLE,0.3,0.4,0.25,2026-07-08,,,False
2026-07-03,KUYAS.IS,rsi_agent,BEKLE,0.2,0.4,0.2,2026-07-08,,,False
2026-07-03,KUYAS.IS,macd_agent,BEKLE,0.45,0.5,0.2,2026-07-08,,,False
2026-07-03,KUYAS.IS,volume_agent,BEKLE,0.1,0.3,0.15,2026-07-08,,,False
2026-07-03,KUYAS.IS,pattern_agent,BEKLE,0.15,0.4,0.2,2026-07-08,,,False
2026-07-03,TAVHL.IS,trend_agent,BEKLE,-0.2,0.3,0.25,2026-07-08,,,False
2026-07-03,TAVHL.IS,rsi_agent,BEKLE,0.2,0.4,0.2,2026-07-08,,,False
2026-07-03,TAVHL.IS,macd_agent,BEKLE,-0.45,0.5,0.2,2026-07-08,,,False
2026-07-03,TAVHL.IS,volume_agent,BEKLE,0.0,0.3,0.15,2026-07-08,,,False
2026-07-03,TAVHL.IS,pattern_agent,BEKLE,-0.4,0.45,0.2,2026-07-08,,,False
2026-07-03,AEFES.IS,trend_agent,BEKLE,0.3,0.4,0.25,2026-07-08,,,False
2026-07-03,AEFES.IS,rsi_agent,BEKLE,0.2,0.4,0.2,2026-07-08,,,False
2026-07-03,AEFES.IS,macd_agent,BEKLE,-0.45,0.5,0.2,2026-07-08,,,False
2026-07-03,AEFES.IS,volume_agent,BEKLE,-0.1,0.3,0.15,2026-07-08,,,False
2026-07-03,AEFES.IS,pattern_agent,BEKLE,0.15,0.4,0.2,2026-07-08,,,False
2026-07-03,THYAO.IS,trend_agent,BEKLE,0.3,0.4,0.25,2026-07-08,,,False
2026-07-03,THYAO.IS,rsi_agent,BEKLE,0.0,0.3,0.2,2026-07-08,,,False
2026-07-03,THYAO.IS,macd_agent,BEKLE,0.45,0.5,0.2,2026-07-08,,,False
2026-07-03,THYAO.IS,volume_agent,BEKLE,-0.1,0.3,0.15,2026-07-08,,,False
2026-07-03,THYAO.IS,pattern_agent,BEKLE,0.0,0.25,0.2,2026-07-08,,,False
2026-07-03,CCOLA.IS,trend_agent,BEKLE,0.3,0.4,0.25,2026-07-08,,,False
2026-07-03,CCOLA.IS,rsi_agent,BEKLE,0.0,0.3,0.2,2026-07-08,,,False
2026-07-03,CCOLA.IS,macd_agent,BEKLE,0.45,0.5,0.2,2026-07-08,,,False
2026-07-03,CCOLA.IS,volume_agent,BEKLE,0.1,0.3,0.15,2026-07-08,,,False
2026-07-03,CCOLA.IS,pattern_agent,AL,0.6,0.6,0.2,2026-07-08,,,False
2026-07-03,GRSEL.IS,trend_agent,BEKLE,-0.2,0.3,0.25,2026-07-08,,,False
2026-07-03,GRSEL.IS,rsi_agent,BEKLE,0.2,0.4,0.2,2026-07-08,,,False
2026-07-03,GRSEL.IS,macd_agent,BEKLE,-0.1,0.3,0.2,2026-07-08,,,False
2026-07-03,GRSEL.IS,volume_agent,BEKLE,0.0,0.3,0.15,2026-07-08,,,False
2026-07-03,GRSEL.IS,pattern_agent,BEKLE,0.15,0.4,0.2,2026-07-08,,,False
